id,title,description,description_plain
260001,กรมปราบปราม,"หน่วยงานที่แยกออกจากหน่วยงานบริหาร ยุติธรรม และทหารของหวงหลง โดยเจ้าหน้าที่ระดับสูงสุดของหน่วยงานนี้เรียกว่า ""ผู้บัญชาการ"" กรมปราบปรามตรงรับคำสั่งจากท่านราชันแห่งหวงหลง มีอำนาจในการแทรกแซงและสอบสวนคดีใดๆ คดีของเจ้าหน้าที่หรืออาชญากรโดยไม่ต้องได้รับการอนุมัติจากหน่วยงานต่างๆ ของหวงหลง และมีสิทธิในการ ""ฆ่าก่อนแล้วค่อยรายงาน"" ตามทฤษฎี กรมปราบปรามรับผิดชอบในการสอบสวนคดีที่ซับซ้อนเป็นประจำ ดังนั้น กรมปราบปรามจึงมีวิธีการพิเศษที่เน้นไปที่เรโซเนเตอร์ในหวงหลง","หน่วยงานที่แยกออกจากหน่วยงานบริหาร ยุติธรรม และทหารของหวงหลง โดยเจ้าหน้าที่ระดับสูงสุดของหน่วยงานนี้เรียกว่า ""ผู้บัญชาการ"" กรมปราบปรามตรงรับคำสั่งจากท่านราชันแห่งหวงหลง มีอำนาจในการแทรกแซงและสอบสวนคดีใดๆ คดีของเจ้าหน้าที่หรืออาชญากรโดยไม่ต้องได้รับการอนุมัติจากหน่วยงานต่างๆ ของหวงหลง และมีสิทธิในการ ""ฆ่าก่อนแล้วค่อยรายงาน"" ตามทฤษฎี กรมปราบปรามรับผิดชอบในการสอบสวนคดีที่ซับซ้อนเป็นประจำ ดังนั้น กรมปราบปรามจึงมีวิธีการพิเศษที่เน้นไปที่เรโซเนเตอร์ในหวงหลง"
260002,กระทรวงพินิจจักรดารา,"หน่วยงานพิเศษที่รับผิดชอบการสังเกตเซนติเนลของแต่ละเมืองในหวงหลง รวมถึงดาราศาสตร์และปฏิทิน ถูกจัดตั้งขึ้นภายใต้การดูแลของเจ้าหน้าที่ระดับสูงสุดในหมิงถิง ซึ่งเรียกว่า ""ผู้คุมกระทรวง"" ส่วนหัวหน้าหน่วยงานในหกเมืองที่เหลือเรียกว่า ""ผู้ตรวจการ"" หน่วยงานเหล่านี้มีอำนาจพิเศษในการตัดสินใจเกี่ยวกับเรื่องของเซนติเนล แต่มีอำนาจเพียงแค่ให้คำแนะนำและตรวจสอบการทำงานของหน่วยงานในเมืองและหน่วยงานบริหารของหมิงถิงเท่านั้น","หน่วยงานพิเศษที่รับผิดชอบการสังเกตเซนติเนลของแต่ละเมืองในหวงหลง รวมถึงดาราศาสตร์และปฏิทิน ถูกจัดตั้งขึ้นภายใต้การดูแลของเจ้าหน้าที่ระดับสูงสุดในหมิงถิง ซึ่งเรียกว่า ""ผู้คุมกระทรวง"" ส่วนหัวหน้าหน่วยงานในหกเมืองที่เหลือเรียกว่า ""ผู้ตรวจการ"" หน่วยงานเหล่านี้มีอำนาจพิเศษในการตัดสินใจเกี่ยวกับเรื่องของเซนติเนล แต่มีอำนาจเพียงแค่ให้คำแนะนำและตรวจสอบการทำงานของหน่วยงานในเมืองและหน่วยงานบริหารของหมิงถิงเท่านั้น"
260003,แดนจิต,ทักษะเรโซแนนซ์พิเศษเฉพาะตัวของ Qiuyuan เขาสามารถหยั่งรู้ตำแหน่งหรือแม้แต่สภาพจิตใจของศัตรูได้โดยการสัมผัสรู้ถึงธรรมชาติและความแตกต่างของความถี่โดยรอบ ในกรณีสูงสุด การสัมผัสรู้นี้อาจแข็งแกร่งขึ้นได้ในมิติโซโนโรโดยการสร้างมโนภาพของศัตรูหรือแม้แต่ของตัวเขาเองเป็นจริง,ทักษะเรโซแนนซ์พิเศษเฉพาะตัวของ Qiuyuan เขาสามารถหยั่งรู้ตำแหน่งหรือแม้แต่สภาพจิตใจของศัตรูได้โดยการสัมผัสรู้ถึงธรรมชาติและความแตกต่างของความถี่โดยรอบ ในกรณีสูงสุด การสัมผัสรู้นี้อาจแข็งแกร่งขึ้นได้ในมิติโซโนโรโดยการสร้างมโนภาพของศัตรูหรือแม้แต่ของตัวเขาเองเป็นจริง
260004,ลาไฮรอย,"อารยธรรมที่ตั้งอยู่ในภูมิภาคขั้วโลกของโซลาริส การเปลี่ยนแปลงในยุคโบราณของแกนดาวเคราะห์ได้กำหนดภูมิประเทศโลกนี้ขึ้นใหม่ ทำให้ภูมิภาคลาไฮรอยกลายเป็นขั้วโลกในปัจจุบันของดาวเคราะห์ดวงนี้ เมื่อเวลาผ่านไปถ้ำที่กว้างใหญ่ลึกลงไปใต้ชั้นน้ำแข็งและหิมะหนาก็ค่อยๆ กลายสภาพเป็นแหล่งที่อยู่อาศัยของมนุษย์ ในที่หลบภัยใต้พิภพที่อบอุ่นและชื้นแห่งนี้เป็นที่ตั้งของนครแห่งวิชาการสำหรับเหล่าเรโซเนเตอร์ ซึ่งได้รับการยกย่องว่าเป็น ""ที่หลบภัยการวิจัยแห่งโซลาริส"" และเป็น ""ยูโทเปียของนักวิจัย""","อารยธรรมที่ตั้งอยู่ในภูมิภาคขั้วโลกของโซลาริส การเปลี่ยนแปลงในยุคโบราณของแกนดาวเคราะห์ได้กำหนดภูมิประเทศโลกนี้ขึ้นใหม่ ทำให้ภูมิภาคลาไฮรอยกลายเป็นขั้วโลกในปัจจุบันของดาวเคราะห์ดวงนี้ เมื่อเวลาผ่านไปถ้ำที่กว้างใหญ่ลึกลงไปใต้ชั้นน้ำแข็งและหิมะหนาก็ค่อยๆ กลายสภาพเป็นแหล่งที่อยู่อาศัยของมนุษย์ ในที่หลบภัยใต้พิภพที่อบอุ่นและชื้นแห่งนี้เป็นที่ตั้งของนครแห่งวิชาการสำหรับเหล่าเรโซเนเตอร์ ซึ่งได้รับการยกย่องว่าเป็น ""ที่หลบภัยการวิจัยแห่งโซลาริส"" และเป็น ""ยูโทเปียของนักวิจัย"""
260005,Chimera,"สมุนคลื่นทมิฬที่สร้างขึ้นโดยเลอไวอะธัน โดยการรวมคลื่นความถี่ของทาเซ็ตดิสคอร์ดทรงพลังสามตัวเข้าด้วยกันได้แก่ ""Nemea"" สิงโตผู้แข็งแกร่ง, ""Pan"" แพะบรรพบุรุษ, และ ""Python"" อสรพิษเจ้าเล่ห์ ครั้งหนึ่งเคยเป็น ""ผลผลิตตัวแรก"" ของเลอไวอะธัน แต่ปัจจุบัน ""อาศัยอยู่"" ภายในตัว Galbrena หลังจากรวมเข้ากับคลื่นความถี่ของเธอ
ภายในสิ่งมีชีวิตที่รวมเข้าด้วยกันนี้ธรรมชาติที่ดุร้ายของสิงโตได้ครอบงำเจตจำนงของไคมีร่า ในขณะที่แพะระงับอารมณ์ที่รุนแรงด้วยการกลืนกินความเมตตาของมนุษย์ แม้ว่าอสรพิษเจ้าเล่ห์ผู้รักอิสระจะดูภักดีต่อ Galbrena แต่กลับแอบบ่อนทำลายคลื่นความถี่ของเธออย่างเงียบๆ","สมุนคลื่นทมิฬที่สร้างขึ้นโดยเลอไวอะธัน โดยการรวมคลื่นความถี่ของทาเซ็ตดิสคอร์ดทรงพลังสามตัวเข้าด้วยกันได้แก่ ""Nemea"" สิงโตผู้แข็งแกร่ง, ""Pan"" แพะบรรพบุรุษ, และ ""Python"" อสรพิษเจ้าเล่ห์ ครั้งหนึ่งเคยเป็น ""ผลผลิตตัวแรก"" ของเลอไวอะธัน แต่ปัจจุบัน ""อาศัยอยู่"" ภายในตัว Galbrena หลังจากรวมเข้ากับคลื่นความถี่ของเธอ
ภายในสิ่งมีชีวิตที่รวมเข้าด้วยกันนี้ธรรมชาติที่ดุร้ายของสิงโตได้ครอบงำเจตจำนงของไคมีร่า ในขณะที่แพะระงับอารมณ์ที่รุนแรงด้วยการกลืนกินความเมตตาของมนุษย์ แม้ว่าอสรพิษเจ้าเล่ห์ผู้รักอิสระจะดูภักดีต่อ Galbrena แต่กลับแอบบ่อนทำลายคลื่นความถี่ของเธออย่างเงียบๆ"
260006,ฟาเบียนัม,"ชื่อเดิมของ ""เมืองพึมพำ"" ที่ถูกทำลายเมื่อสิบหกปีก่อนจากการระบาดของคลื่นทมิฬในสนามล่า ปัจจุบันเป็นเมืองของกลาดิเอเตอร์ที่สาบสูญซึ่งอยู่ในแดนรกร้าง","ชื่อเดิมของ ""เมืองพึมพำ"" ที่ถูกทำลายเมื่อสิบหกปีก่อนจากการระบาดของคลื่นทมิฬในสนามล่า ปัจจุบันเป็นเมืองของกลาดิเอเตอร์ที่สาบสูญซึ่งอยู่ในแดนรกร้าง"
260007,สนามทาเซ็ตข้ามมิติ,"สนามทาเซ็ตที่อยู่ในมิติแยก
เชื่อกันว่า ""สนามทาเซ็ต"" เป็นแหล่งกำเนิดของทาเซ็ตดิสคอร์ดทั้งหมด สถานที่เหล่านี้มีท้องฟ้าเป็นทะเลกลับหัวและสัญลักษณ์ทาเซ็ตรูปกากบาทเข้มบนพื้น เสียงกังวานเต็มไปทั่วบรรยากาศเชื่อมโยงโลกของเราเข้ากับพื้นที่ที่ไม่รู้จักผ่านเรโซแนนซ์คอร์ดสีขาว ซึ่งดึงดูดการรวมตัวของทาเซ็ตดิสคอร์ด","สนามทาเซ็ตที่อยู่ในมิติแยก
เชื่อกันว่า ""สนามทาเซ็ต"" เป็นแหล่งกำเนิดของทาเซ็ตดิสคอร์ดทั้งหมด สถานที่เหล่านี้มีท้องฟ้าเป็นทะเลกลับหัวและสัญลักษณ์ทาเซ็ตรูปกากบาทเข้มบนพื้น เสียงกังวานเต็มไปทั่วบรรยากาศเชื่อมโยงโลกของเราเข้ากับพื้นที่ที่ไม่รู้จักผ่านเรโซแนนซ์คอร์ดสีขาว ซึ่งดึงดูดการรวมตัวของทาเซ็ตดิสคอร์ด"
260008,แม่ทัพใหญ่,"เจ้าหน้าที่ระดับสูงสุดของกระทรวงการสงครามหวงหลง ผู้ที่ควบคุมกิจการทหารของหกเมืองในหวงหลง ตำแหน่งทางการคือ ""เสนาบดีกระทรวงสงคราม"" และ ""แม่ทัพใหญ่"" เป็นชื่อเรียกแบบทางการที่ใช้เพื่อแสดงถึงยศและอำนาจที่สำคัญของตำแหน่งนี้","เจ้าหน้าที่ระดับสูงสุดของกระทรวงการสงครามหวงหลง ผู้ที่ควบคุมกิจการทหารของหกเมืองในหวงหลง ตำแหน่งทางการคือ ""เสนาบดีกระทรวงสงคราม"" และ ""แม่ทัพใหญ่"" เป็นชื่อเรียกแบบทางการที่ใช้เพื่อแสดงถึงยศและอำนาจที่สำคัญของตำแหน่งนี้"
260009,หมิงถิง,เมืองหลวงของหวงหลง ศูนย์กลางทางการเมือง เศรษฐกิจ และวัฒนธรรมของประเทศ,เมืองหลวงของหวงหลง ศูนย์กลางทางการเมือง เศรษฐกิจ และวัฒนธรรมของประเทศ
260010,กระทรวงการสงคราม,"หน่วยงานการบริหารทหารสูงสุดของหวงหลง ตั้งอยู่ทั้งหมิงถิงและอีกหกเมือง โดยเจ้าหน้าที่ระดับสูงสุดของกระทรวงการสงครามในหมิงถิงเรียกว่า ""เสนาบดีกระทรวงสงคราม"" ซึ่งเป็นผู้ควบคุมกิจการทหารของหกเมือง ส่วนหัวหน้ากระทรวงการสงครามของแต่ละเมืองเรียกว่า ""แม่ทัพปราบปราม"" ที่ดูแลกิจการทหารภายในเมืองนั้นๆ โดยทั่วไปแล้วแม่ทัพปราบปรามในกระทรวงการสงครามของหกเมืองจะได้รับการแต่งตั้งจากหมิงถิง แต่บางเมืองที่มีลักษณะพิเศษอาจได้รับการเลือกจากเซนติเนล","หน่วยงานการบริหารทหารสูงสุดของหวงหลง ตั้งอยู่ทั้งหมิงถิงและอีกหกเมือง โดยเจ้าหน้าที่ระดับสูงสุดของกระทรวงการสงครามในหมิงถิงเรียกว่า ""เสนาบดีกระทรวงสงคราม"" ซึ่งเป็นผู้ควบคุมกิจการทหารของหกเมือง ส่วนหัวหน้ากระทรวงการสงครามของแต่ละเมืองเรียกว่า ""แม่ทัพปราบปราม"" ที่ดูแลกิจการทหารภายในเมืองนั้นๆ โดยทั่วไปแล้วแม่ทัพปราบปรามในกระทรวงการสงครามของหกเมืองจะได้รับการแต่งตั้งจากหมิงถิง แต่บางเมืองที่มีลักษณะพิเศษอาจได้รับการเลือกจากเซนติเนล"
260011,ฝ่ายตรวจการ,"หนึ่งในสามองค์กรตุลาการของหวงหลง มีอำนาจในการพิจารณาคดีสำคัญร่วมกันและมีอำนาจในการกำกับดูแลอย่างมีนัยสำคัญ ซึ่งสรุปได้ว่ามีหน้าที่ ""สืบสวนความชั่วร้ายและรักษาวินัย"" เจ้าหน้าที่โดยทั่วไปในฝ่ายตรวจการ ในขณะที่ผู้ที่ประจำการหรือได้รับมอบหมายชั่วคราวในหกเมืองจะถูกเรียกว่า ผู้ตรวจการสืบสวน","หนึ่งในสามองค์กรตุลาการของหวงหลง มีอำนาจในการพิจารณาคดีสำคัญร่วมกันและมีอำนาจในการกำกับดูแลอย่างมีนัยสำคัญ ซึ่งสรุปได้ว่ามีหน้าที่ ""สืบสวนความชั่วร้ายและรักษาวินัย"" เจ้าหน้าที่โดยทั่วไปในฝ่ายตรวจการ ในขณะที่ผู้ที่ประจำการหรือได้รับมอบหมายชั่วคราวในหกเมืองจะถูกเรียกว่า ผู้ตรวจการสืบสวน"
260012,Fenrico ที่หนึ่ง,"เป็นตำแหน่งเดียวกับที่นาโปลีที่สองเคยได้รับ ซึ่งเป็นตำแหน่งที่อัครสังฆราช Fenrico ควรจะได้รับอย่างถูกต้องชอบธรรม อย่างไรก็ตาม ด้วยเหตุผลที่ไม่ทราบแน่ชัด Fenrico ได้สั่งห้ามนักบวชฝึกหัดไม่ให้เรียกเขาด้วยตำแหน่งนี้ จนกระทั่งเขาพบจุดจบที่ก้นบึ้งทะเล ในประวัติศาสตร์ของภาคีเร้นสมุทร เขาคือคนเดียวที่ได้ใช้ชื่อ ""Fenrico""","เป็นตำแหน่งเดียวกับที่นาโปลีที่สองเคยได้รับ ซึ่งเป็นตำแหน่งที่อัครสังฆราช Fenrico ควรจะได้รับอย่างถูกต้องชอบธรรม อย่างไรก็ตาม ด้วยเหตุผลที่ไม่ทราบแน่ชัด Fenrico ได้สั่งห้ามนักบวชฝึกหัดไม่ให้เรียกเขาด้วยตำแหน่งนี้ จนกระทั่งเขาพบจุดจบที่ก้นบึ้งทะเล ในประวัติศาสตร์ของภาคีเร้นสมุทร เขาคือคนเดียวที่ได้ใช้ชื่อ ""Fenrico"""
270001,แดนเสวียนฟาง,พื้นที่ส่วนหนึ่งที่อยู่ระหว่างเมิ่งโจวและจินโจว เป็นเส้นทางจำเป็นจากจินโจวเข้าสู่เมิ่งโจว และยังเป็นด่านสกัดทาเซ็ตดิสคอร์ดที่สำคัญในอดีตด้วย,พื้นที่ส่วนหนึ่งที่อยู่ระหว่างเมิ่งโจวและจินโจว เป็นเส้นทางจำเป็นจากจินโจวเข้าสู่เมิ่งโจว และยังเป็นด่านสกัดทาเซ็ตดิสคอร์ดที่สำคัญในอดีตด้วย
700004,Voidworm,"มอนสเตอร์ที่มีความอันตรายสูง มักจะปรากฏตัวพร้อมกับพายุสุญตา
ในช่วงที่พายุสงบลง จะเคลื่อนไหวภายในเขตแกนกลางของลาไฮรอยบริเวณ ""ลานทรายมอว์เบอร์โรว์"" ซึ่งเต็มไปด้วยสสารสุญตาหนาแน่น ตัวควบคุมสสารสุญตาที่อยู่บริเวณศีรษะคือทั้งแหล่งพลังงานและจุดอ่อนสำคัญของมัน","มอนสเตอร์ที่มีความอันตรายสูง มักจะปรากฏตัวพร้อมกับพายุสุญตา
ในช่วงที่พายุสงบลง จะเคลื่อนไหวภายในเขตแกนกลางของลาไฮรอยบริเวณ ""ลานทรายมอว์เบอร์โรว์"" ซึ่งเต็มไปด้วยสสารสุญตาหนาแน่น ตัวควบคุมสสารสุญตาที่อยู่บริเวณศีรษะคือทั้งแหล่งพลังงานและจุดอ่อนสำคัญของมัน"
700005,ห้องพยาบาล,"ชื่อทางการคือ ""หน่วยพยาบาลเรโซเนเตอร์"" สังกัดวิทยาลัยราเบลล์ ทำหน้าที่ทั้งวิจัยและให้บริการรักษาพยาบาล
ดูแลโดย Luuk Herssen ผู้ทำหน้าที่เป็นแพทย์ประจำสถาบัน ใช้เทคโนโลยี ""การแพทย์เชิงความถี่"" เพื่อให้การสนับสนุนด้านสุขภาพแก่คณาจารย์และนักเรียนของสถาบันสตาร์ทอร์ช","ชื่อทางการคือ ""หน่วยพยาบาลเรโซเนเตอร์"" สังกัดวิทยาลัยราเบลล์ ทำหน้าที่ทั้งวิจัยและให้บริการรักษาพยาบาล
ดูแลโดย Luuk Herssen ผู้ทำหน้าที่เป็นแพทย์ประจำสถาบัน ใช้เทคโนโลยี ""การแพทย์เชิงความถี่"" เพื่อให้การสนับสนุนด้านสุขภาพแก่คณาจารย์และนักเรียนของสถาบันสตาร์ทอร์ช"
700006,ตลับเทปราเบลล์,"ตลับเทปราเบลล์เป็นอุปกรณ์ยืนยันตัวตนที่ออกโดยสหพันธ์สเปซเทรค และเป็นอุปกรณ์ป้องกันความปลอดภัยที่จำเป็นเมื่อปฏิบัติภารกิจในพื้นที่ลาไฮรอย
ตามข้อกำหนดของสถาบัน นักเรียนใหม่ทุกคนต้องทำการบันทึกข้อมูลลงตลับเทปราที่สถาบันวิจัยก่อนออกจากเขตป้องกัน โดยขั้นตอนทั้งหมดจะต้องดำเนินการภายใต้การดูแลของอาจารย์","ตลับเทปราเบลล์เป็นอุปกรณ์ยืนยันตัวตนที่ออกโดยสหพันธ์สเปซเทรค และเป็นอุปกรณ์ป้องกันความปลอดภัยที่จำเป็นเมื่อปฏิบัติภารกิจในพื้นที่ลาไฮรอย
ตามข้อกำหนดของสถาบัน นักเรียนใหม่ทุกคนต้องทำการบันทึกข้อมูลลงตลับเทปราที่สถาบันวิจัยก่อนออกจากเขตป้องกัน โดยขั้นตอนทั้งหมดจะต้องดำเนินการภายใต้การดูแลของอาจารย์"
700007,ตลับเทปบันทึกความถี่,"เทอร์มินัลมาตรฐานสำหรับสมาชิกสหพันธ์สเปซเทรค ภายในจะมี ""ตลับเทปราเบลล์""
ตัวเครื่องผลิตจากวัสดุคอมโพสิตพิเศษที่เลียนแบบคุณสมบัติของ ""Exostrider"" ช่วยลดผลกระทบจากพายุสุญตาได้ในระดับหนึ่ง","เทอร์มินัลมาตรฐานสำหรับสมาชิกสหพันธ์สเปซเทรค ภายในจะมี ""ตลับเทปราเบลล์""
ตัวเครื่องผลิตจากวัสดุคอมโพสิตพิเศษที่เลียนแบบคุณสมบัติของ ""Exostrider"" ช่วยลดผลกระทบจากพายุสุญตาได้ในระดับหนึ่ง"
700008,Exostrider,"ร่างจักรกลขนาดมหึมาที่อารยธรรมต่างถิ่นทิ้งไว้ ปัจจุบันตั้งอยู่บนทุ่งน้ำแข็งโรญา สถาบันสตาร์ทอร์ชถูกก่อตั้งขึ้นเพื่อฝึกผู้ควบคุม หรือเรียกว่า ""ซิงโครนิสต์"" ที่สามารถเกิดการสั่นพ้องภายนอกกับร่างจักรกลนี้ได้
ใน ""ตำนานตรียุค"" ของชาวโรญา ""Exostrider"" ถูกเรียกว่า ""Baldur"" อวตาร์ในโลกมนุษย์ของสุริยะ ""Sol"" ว่ากันว่า ท่านเป็นผู้ใช้ดาบยักษ์ค้ำยันเปลือกโลกที่กำลังพังทลาย ช่วยชาวโรญาให้รอดพ้นจากความหายนะ เชื่อว่าครั้นถึงวาระสุดท้าย ท่านจะตื่นขึ้นเพื่อต่อกรกับ ""Hvedrungr"" เทพมฤตยูผู้ทำลายล้าง","ร่างจักรกลขนาดมหึมาที่อารยธรรมต่างถิ่นทิ้งไว้ ปัจจุบันตั้งอยู่บนทุ่งน้ำแข็งโรญา สถาบันสตาร์ทอร์ชถูกก่อตั้งขึ้นเพื่อฝึกผู้ควบคุม หรือเรียกว่า ""ซิงโครนิสต์"" ที่สามารถเกิดการสั่นพ้องภายนอกกับร่างจักรกลนี้ได้
ใน ""ตำนานตรียุค"" ของชาวโรญา ""Exostrider"" ถูกเรียกว่า ""Baldur"" อวตาร์ในโลกมนุษย์ของสุริยะ ""Sol"" ว่ากันว่า ท่านเป็นผู้ใช้ดาบยักษ์ค้ำยันเปลือกโลกที่กำลังพังทลาย ช่วยชาวโรญาให้รอดพ้นจากความหายนะ เชื่อว่าครั้นถึงวาระสุดท้าย ท่านจะตื่นขึ้นเพื่อต่อกรกับ ""Hvedrungr"" เทพมฤตยูผู้ทำลายล้าง"
700009,ซิงโครนิสต์,"ผู้ควบคุมฝึกหัดที่ได้ผ่านการคัดเลือกจากภูมิภาคต่างๆ ของโซลาริส และสามารถใช้อุปกรณ์กลไกภายนอกในการเชื่อมสำนึกเข้ากับร่าง ""Exostrider""
ซิงโครนิสต์อาจควบคุม ""Exostrider"" ได้ในระดับหนึ่งโดย ""เกิดการสั่นพ้องภายนอก"" สถาบันสตาร์ทอร์ชจึงได้ตั้งวิทยาลัยราเบลล์ขึ้นมา เพื่อคัดเลือกและฝึกฝนซิงโครนิสต์เหล่านี้โดยเฉพาะ","ผู้ควบคุมฝึกหัดที่ได้ผ่านการคัดเลือกจากภูมิภาคต่างๆ ของโซลาริส และสามารถใช้อุปกรณ์กลไกภายนอกในการเชื่อมสำนึกเข้ากับร่าง ""Exostrider""
ซิงโครนิสต์อาจควบคุม ""Exostrider"" ได้ในระดับหนึ่งโดย ""เกิดการสั่นพ้องภายนอก"" สถาบันสตาร์ทอร์ชจึงได้ตั้งวิทยาลัยราเบลล์ขึ้นมา เพื่อคัดเลือกและฝึกฝนซิงโครนิสต์เหล่านี้โดยเฉพาะ"
700010,แกนปฏิกรณ์,"แกนพลังงานของ ""Exostrider"" — ""สุริยะ"" แห่งลาไฮรอยใต้ดิน
ตามตำนานชาวโรญา นี่คือพลังงานที่ Exostrider ดึงออกมาแล้วฝังไว้ใต้ผืนดิน ช่วยให้โอเอซิสใต้ดินนี้สามารถดำรงอยู่ได้ ข้อมูลล่าสุดชี้ว่าอัตราการปลดปล่อยพลังงานของแกนปฏิกรณ์กำลังลดลงอย่างต่อเนื่อง ทั้งชาวโรญาและสหพันธ์สเปซเทรคจึงเริ่มร่างมาตรการฉุกเฉินเพื่อรับมือวิกฤตที่อาจเกิดขึ้น","แกนพลังงานของ ""Exostrider"" — ""สุริยะ"" แห่งลาไฮรอยใต้ดิน
ตามตำนานชาวโรญา นี่คือพลังงานที่ Exostrider ดึงออกมาแล้วฝังไว้ใต้ผืนดิน ช่วยให้โอเอซิสใต้ดินนี้สามารถดำรงอยู่ได้ ข้อมูลล่าสุดชี้ว่าอัตราการปลดปล่อยพลังงานของแกนปฏิกรณ์กำลังลดลงอย่างต่อเนื่อง ทั้งชาวโรญาและสหพันธ์สเปซเทรคจึงเริ่มร่างมาตรการฉุกเฉินเพื่อรับมือวิกฤตที่อาจเกิดขึ้น"
700011,เส้นทางสตาร์เวิร์ด,"ระบบขนส่งยกระดับขนาดใหญ่ที่สร้างขึ้นโดยอิงโครงสร้างของดาบยักษ์ เชื่อมลาไฮรอยกับทุ่งน้ำแข็งโรญา
มีรูปทรงคล้ายกระดูกสันหลังพาดผ่านฟ้าดิน อาศัยเทคโนโลยีขับดันแบบรางความเร็วสูง จากใต้ดินถึงทุ่งน้ำแข็ง เป็นศูนย์กลางคมนาคมของภูมิภาคลาไฮรอย","ระบบขนส่งยกระดับขนาดใหญ่ที่สร้างขึ้นโดยอิงโครงสร้างของดาบยักษ์ เชื่อมลาไฮรอยกับทุ่งน้ำแข็งโรญา
มีรูปทรงคล้ายกระดูกสันหลังพาดผ่านฟ้าดิน อาศัยเทคโนโลยีขับดันแบบรางความเร็วสูง จากใต้ดินถึงทุ่งน้ำแข็ง เป็นศูนย์กลางคมนาคมของภูมิภาคลาไฮรอย"
700012,ดาบยักษ์,"อาวุธขนาดยักษ์ที่หลงเหลือจาก ""Exostrider"" ปลายดาบปักลึกลงสู่ทะเลสาบซันเดอร์เมียร์ ส่วนด้ามค้ำยันเพดานของพื้นที่ใต้ดิน โครงสร้างของมันพาดผ่านพื้นที่ใจกลางของชาวโรญา
ใน ""ตำนานตรียุค"" ได้ทำนายว่า ""Baldur"" จะดึงดาบนี้ขึ้นในวาระสุดท้าย เพื่อต่อกรกับเทพมฤตยู ""Hvedrungr""","อาวุธขนาดยักษ์ที่หลงเหลือจาก ""Exostrider"" ปลายดาบปักลึกลงสู่ทะเลสาบซันเดอร์เมียร์ ส่วนด้ามค้ำยันเพดานของพื้นที่ใต้ดิน โครงสร้างของมันพาดผ่านพื้นที่ใจกลางของชาวโรญา
ใน ""ตำนานตรียุค"" ได้ทำนายว่า ""Baldur"" จะดึงดาบนี้ขึ้นในวาระสุดท้าย เพื่อต่อกรกับเทพมฤตยู ""Hvedrungr"""
700013,Hyvatia,"อุปกรณ์เฝ้าระวังที่สหพันธ์สเปซเทรคติดตั้งไว้บนพื้นผิวทะเลสาบซันเดอร์เมียร์ เพื่อตรวจสอบและดูแลสถานะของ ""แกนปฏิกรณ์"" แกนกลางของอุปกรณ์นี้ติดตั้ง สำเนา โมดูลปรับเทียบของ ""Exostrider"" เอาไว้ ซึ่งสามารถสร้างลิงก์ข้อมูลแบบกำหนดทิศทางกับแกนปฏิกรณ์ได้ โดยจะส่งพารามิเตอร์การปรับเทียบแบบเรียลไทม์เพื่อช่วยกู้คืนเสถียรภาพเมื่อระบบทำงานผิดปกติ ซึ่งรับประกันได้ว่าแกนปฏิกรณ์จะทำงานได้อย่างต่อเนื่อง","อุปกรณ์เฝ้าระวังที่สหพันธ์สเปซเทรคติดตั้งไว้บนพื้นผิวทะเลสาบซันเดอร์เมียร์ เพื่อตรวจสอบและดูแลสถานะของ ""แกนปฏิกรณ์"" แกนกลางของอุปกรณ์นี้ติดตั้ง สำเนา โมดูลปรับเทียบของ ""Exostrider"" เอาไว้ ซึ่งสามารถสร้างลิงก์ข้อมูลแบบกำหนดทิศทางกับแกนปฏิกรณ์ได้ โดยจะส่งพารามิเตอร์การปรับเทียบแบบเรียลไทม์เพื่อช่วยกู้คืนเสถียรภาพเมื่อระบบทำงานผิดปกติ ซึ่งรับประกันได้ว่าแกนปฏิกรณ์จะทำงานได้อย่างต่อเนื่อง"
700014,บาเรียป้องกันสสารสุญตา,"อุปกรณ์ป้องกันเฉพาะทางที่พัฒนาขึ้นโดยสถาบันสตาร์ทอร์ช จากงานวิศวกรรมย้อนรอยผิวและโครงเส้นใยของ ""Exostrider"" เพื่อป้องกันการกัดกร่อนของสสารสุญตาในระดับหนึ่ง
อุปกรณ์นี้ถูกใช้เป็นอุปกรณ์ป้องกันมาตรฐานในค่ายสหพันธ์สเปซเทรค สถานีสำรวจและจุดขนส่งต่างๆ โดย ""ม่านต้านสสารสุญตา"" ที่สถาบันสตาร์ทอร์ช คือบาเรียป้องกันสสารสุญตาขนาดใหญ่ที่สุดในปัจจุบัน","อุปกรณ์ป้องกันเฉพาะทางที่พัฒนาขึ้นโดยสถาบันสตาร์ทอร์ช จากงานวิศวกรรมย้อนรอยผิวและโครงเส้นใยของ ""Exostrider"" เพื่อป้องกันการกัดกร่อนของสสารสุญตาในระดับหนึ่ง
อุปกรณ์นี้ถูกใช้เป็นอุปกรณ์ป้องกันมาตรฐานในค่ายสหพันธ์สเปซเทรค สถานีสำรวจและจุดขนส่งต่างๆ โดย ""ม่านต้านสสารสุญตา"" ที่สถาบันสตาร์ทอร์ช คือบาเรียป้องกันสสารสุญตาขนาดใหญ่ที่สุดในปัจจุบัน"
700015,เผ่าโรญา,"ชนเผ่าพื้นถิ่นของลาไฮรอยที่อาศัยอยู่ในโพรงใต้ดินก่อนที่สหพันธ์สเปซเทรคจะมาถึง และมีความร่วมมือกันอยู่เสมอ
พวกเขากำหนดปฏิทินและแนวทางการใช้ชีวิตจากรูปแบบการทำงานของแกนปฏิกรณ์ รวมถึงนำทางการเติบโตและย้ายถิ่นของ Exoswarm ซึ่งถือเป็นภารกิจสำคัญของตระกูล","ชนเผ่าพื้นถิ่นของลาไฮรอยที่อาศัยอยู่ในโพรงใต้ดินก่อนที่สหพันธ์สเปซเทรคจะมาถึง และมีความร่วมมือกันอยู่เสมอ
พวกเขากำหนดปฏิทินและแนวทางการใช้ชีวิตจากรูปแบบการทำงานของแกนปฏิกรณ์ รวมถึงนำทางการเติบโตและย้ายถิ่นของ Exoswarm ซึ่งถือเป็นภารกิจสำคัญของตระกูล"
700016,พิธีเปลี่ยนสุริยะ,"แผนงานที่สหพันธ์สเปซเทรควางล่วงหน้าหลายทศวรรษ: ใช้สุริยะประดิษฐ์ ""เฮลิออส"" ที่สร้างโดยสถาบันวิจัย แทนที่แกนปฏิกรณ์บนท้องฟ้าของลาไฮรอย
เป้าหมายสูงสุดคือ คงสภาพระบบนิเวศลาไฮรอยเอาไว้ พร้อมนำแกนปฏิกรณ์ออกมาใช้เป็นพลังงานให้ ""Exostrider"" บนทุ่งน้ำแข็งตื่นขึ้นอีกครั้ง","แผนงานที่สหพันธ์สเปซเทรควางล่วงหน้าหลายทศวรรษ: ใช้สุริยะประดิษฐ์ ""เฮลิออส"" ที่สร้างโดยสถาบันวิจัย แทนที่แกนปฏิกรณ์บนท้องฟ้าของลาไฮรอย
เป้าหมายสูงสุดคือ คงสภาพระบบนิเวศลาไฮรอยเอาไว้ พร้อมนำแกนปฏิกรณ์ออกมาใช้เป็นพลังงานให้ ""Exostrider"" บนทุ่งน้ำแข็งตื่นขึ้นอีกครั้ง"
700017,เฮลิออส,สุริยะประดิษฐ์ที่สร้างโดยสถาบันวิจัยจากสหพันธ์สเปซเทรค ใช้ในพิธีเปลี่ยนสุริยะเพื่อแทนที่แกนปฏิกรณ์ การทำงานต้องอาศัยข้อมูลสภาพแวดล้อมของ ลาไฮรอย ที่ได้จาก Hyvatia และข้อมูลการสังเกตต้นฉบับภายในแกนปฏิกรณ์จากวงจักรสุริยะ,สุริยะประดิษฐ์ที่สร้างโดยสถาบันวิจัยจากสหพันธ์สเปซเทรค ใช้ในพิธีเปลี่ยนสุริยะเพื่อแทนที่แกนปฏิกรณ์ การทำงานต้องอาศัยข้อมูลสภาพแวดล้อมของ ลาไฮรอย ที่ได้จาก Hyvatia และข้อมูลการสังเกตต้นฉบับภายในแกนปฏิกรณ์จากวงจักรสุริยะ
700018,วิหารอัญเชิญสุริยะ,"ศาสนสถานสูงสุดของเผ่าโรญา เป็นที่ตั้งของ ""ษัฏสุริยัน"" ทำหน้าที่เก็บรักษาชิ้นส่วน Exostrider และเป็นศูนย์กลางของข้อมูลที่ชาวโรญาเก็บบันทึกไว้
ทุกฤดูกาลจะคำนวณความเสถียรของวงรันแกนปฏิกรณ์ รวมถึง Exoswarm ที่เกิดใหม่ เติบโตและกลับคืนสู่ร่าง Exostrider สำเร็จ","ศาสนสถานสูงสุดของเผ่าโรญา เป็นที่ตั้งของ ""ษัฏสุริยัน"" ทำหน้าที่เก็บรักษาชิ้นส่วน Exostrider และเป็นศูนย์กลางของข้อมูลที่ชาวโรญาเก็บบันทึกไว้
ทุกฤดูกาลจะคำนวณความเสถียรของวงรันแกนปฏิกรณ์ รวมถึง Exoswarm ที่เกิดใหม่ เติบโตและกลับคืนสู่ร่าง Exostrider สำเร็จ"
700019,วงจักรสุริยะ,"อุปกรณ์สำหรับสังเกตแกนปฏิกรณ์ ใช้ได้เฉพาะษัฏสุริยัน
ในพิธีเปลี่ยนสุริยะ วงจักรสุริยะจะให้ข้อมูลสังเกตต้นฉบับภายในแกนปฏิกรณ์แก่ ""เฮลิออส""","อุปกรณ์สำหรับสังเกตแกนปฏิกรณ์ ใช้ได้เฉพาะษัฏสุริยัน
ในพิธีเปลี่ยนสุริยะ วงจักรสุริยะจะให้ข้อมูลสังเกตต้นฉบับภายในแกนปฏิกรณ์แก่ ""เฮลิออส"""
700020,ษัฏสุริยัน,"ผู้อาวุโสของชาวโรญา แบ่งหน้าที่เป็นผู้พินิจสุริยะ ผู้หยั่งรู้สุริยะ ผู้ทอบัญชา ฯลฯ รวม 6 ท่าน โดยจะแบ่งเป็นกลุ่มละ 2 ท่าน เพื่อทำการสังเกต บันทึกและอนุมาน
พวกเขาประจำการใน ""วิหารอัญเชิญสุริยะ"" ทำหน้าที่คำนวณวิถีแกนปฏิกรณ์ตลอดทั้งวัน และแจ้งเตือนพายุสุญตา","ผู้อาวุโสของชาวโรญา แบ่งหน้าที่เป็นผู้พินิจสุริยะ ผู้หยั่งรู้สุริยะ ผู้ทอบัญชา ฯลฯ รวม 6 ท่าน โดยจะแบ่งเป็นกลุ่มละ 2 ท่าน เพื่อทำการสังเกต บันทึกและอนุมาน
พวกเขาประจำการใน ""วิหารอัญเชิญสุริยะ"" ทำหน้าที่คำนวณวิถีแกนปฏิกรณ์ตลอดทั้งวัน และแจ้งเตือนพายุสุญตา"
700021,ป่าบียาร์เตอร์,ป่าที่เหล่า Soliskin อาศัยอยู่ ทั้งผืนดินอาบอยู่ในรัศมีของแกนปฏิกรณ์ จึงไม่ถูกรบกวนจากพายุสุญตา,ป่าที่เหล่า Soliskin อาศัยอยู่ ทั้งผืนดินอาบอยู่ในรัศมีของแกนปฏิกรณ์ จึงไม่ถูกรบกวนจากพายุสุญตา
700022,Exoswarm,"สิ่งมีชีวิตเชิงชีวกลที่รวมตัวจากเซลล์ Exostrider ที่กระจัดกระจายหลังการล่มสลาย
พวกมันเลียนแบบรูปแบบของฝูงสัตว์และสิ่งมีชีวิตในลาไฮรอย ได้กอบกู้ระบบนิเวศลาไฮรอยที่เคยสูญไป","สิ่งมีชีวิตเชิงชีวกลที่รวมตัวจากเซลล์ Exostrider ที่กระจัดกระจายหลังการล่มสลาย
พวกมันเลียนแบบรูปแบบของฝูงสัตว์และสิ่งมีชีวิตในลาไฮรอย ได้กอบกู้ระบบนิเวศลาไฮรอยที่เคยสูญไป"
700023,ชิ้นส่วน Exoswarm,องค์ประกอบที่ได้จาก Exoswarm ที่แท้ยังคงเป็นส่วนหนึ่งของ Exostrider และถูกใช้แพร่หลายในการสร้างสิ่งของต่างๆ ในลาไฮรอย,องค์ประกอบที่ได้จาก Exoswarm ที่แท้ยังคงเป็นส่วนหนึ่งของ Exostrider และถูกใช้แพร่หลายในการสร้างสิ่งของต่างๆ ในลาไฮรอย
700024,ผู้เลี้ยงดู,"เผ่าโรญาที่ได้รับการยอมรับจาก Soliskin ว่ามีจิตใจบริสุทธิ์ จะได้รับหน้าที่เป็นผู้เลี้ยงดู
ผู้เลี้ยงดูจะนำทาง Soliskin ให้ไปยังพื้นที่ที่มีแสงดีที่สุดในป่าบียาร์เตอร์ และคอยคุ้มกันความปลอดภัยของพวกเขา","เผ่าโรญาที่ได้รับการยอมรับจาก Soliskin ว่ามีจิตใจบริสุทธิ์ จะได้รับหน้าที่เป็นผู้เลี้ยงดู
ผู้เลี้ยงดูจะนำทาง Soliskin ให้ไปยังพื้นที่ที่มีแสงดีที่สุดในป่าบียาร์เตอร์ และคอยคุ้มกันความปลอดภัยของพวกเขา"
700025,ผู้ประจักษ์สุริยะ,"มีพรสวรรค์ด้านการคำนวณปฏิทิน และยังสามารถเกิดความสอดประสานทางจิตกับ Exostrider และ Soliskin ได้ในระดับหนึ่ง จึงมีคุณสมบัติในการเข้าสู่วิหารอัญเชิญสุริยะ เพื่อเป็นหนึ่งในผู้ประจักษ์สุริยะ ทำหน้าที่ช่วยเหลือษัฏสุริยัน
นอกจากช่วยงานษัฏสุริยันแล้ว ยังรับหน้าที่ด้านการรักษา การให้การศึกษาและงานภายในเผ่าต่างๆ พวกเขาคือผู้รอการคัดเลือกให้เป็นหนึ่งในษัฏสุริยันในอนาคต","มีพรสวรรค์ด้านการคำนวณปฏิทิน และยังสามารถเกิดความสอดประสานทางจิตกับ Exostrider และ Soliskin ได้ในระดับหนึ่ง จึงมีคุณสมบัติในการเข้าสู่วิหารอัญเชิญสุริยะ เพื่อเป็นหนึ่งในผู้ประจักษ์สุริยะ ทำหน้าที่ช่วยเหลือษัฏสุริยัน
นอกจากช่วยงานษัฏสุริยันแล้ว ยังรับหน้าที่ด้านการรักษา การให้การศึกษาและงานภายในเผ่าต่างๆ พวกเขาคือผู้รอการคัดเลือกให้เป็นหนึ่งในษัฏสุริยันในอนาคต"
700026,Soliskin,Exoswarm ประเภทหนึ่ง มีต้นกำเนิดจากส่วนโครงสร้างประสาทของ Exostrider ว่ากันว่าพวกมันเป็นส่วนหนึ่งของจิตสำนึกของ Exostrider,Exoswarm ประเภทหนึ่ง มีต้นกำเนิดจากส่วนโครงสร้างประสาทของ Exostrider ว่ากันว่าพวกมันเป็นส่วนหนึ่งของจิตสำนึกของ Exostrider
700027,ต้นสุริยะ,สิ่งที่พบได้ทั่วไปในป่าบียาร์เตอร์ ต้นสุริยะขนาดมหึมารวมตัวกันเป็นป่าลอยเหนือพื้นดิน ระบบรากของมันแผ่ขยายทั่วลาไฮรอย และส่งข้อมูลกลับไปยังวงจักรสุริยะ,สิ่งที่พบได้ทั่วไปในป่าบียาร์เตอร์ ต้นสุริยะขนาดมหึมารวมตัวกันเป็นป่าลอยเหนือพื้นดิน ระบบรากของมันแผ่ขยายทั่วลาไฮรอย และส่งข้อมูลกลับไปยังวงจักรสุริยะ
700028,พิธีหวนแก่นชีวา,"พิธีกรรมที่เผ่าโรญาจัดขึ้นเพื่อ Soliskin ในพิธีหวนคืนต้นกำเนิดนี้ ผู้เลี้ยงดูจะนำทาง Soliskin ที่สลายเป็นสภาวะพลังงานเข้าสู่ต้นสุริยะ และระหว่างทางร่างพลังงานของพวกเขาจะไต่สูงขึ้นและเปล่งประกายกลายเป็นแสงเรืองรอง
เผ่าโรญาเชื่อว่า นี่คือสัญลักษณ์ของ Soliskin ที่ได้กลับคืนสู่ Exostrider","พิธีกรรมที่เผ่าโรญาจัดขึ้นเพื่อ Soliskin ในพิธีหวนคืนต้นกำเนิดนี้ ผู้เลี้ยงดูจะนำทาง Soliskin ที่สลายเป็นสภาวะพลังงานเข้าสู่ต้นสุริยะ และระหว่างทางร่างพลังงานของพวกเขาจะไต่สูงขึ้นและเปล่งประกายกลายเป็นแสงเรืองรอง
เผ่าโรญาเชื่อว่า นี่คือสัญลักษณ์ของ Soliskin ที่ได้กลับคืนสู่ Exostrider"
700029,พายุสุญตา,"ปรากฏการณ์คลื่นกัดกร่อนที่เกิดเฉพาะในเขตลาไฮรอย เมื่อความหนาแน่นของสสารสุญตาถึงจุดวิกฤต มันจะปะทุขึ้นทันที ปรากฏการณ์นี้สามารถสลาย ""ทุกสิ่งที่มีอยู่"" โดยไม่เลือก เปรียบเสมือนการกลืนกินทุกวัตถุในขอบเขต ส่งผลให้เกิดหายนะครั้งใหญ่ ก่อนการเกิดพายุสุญตามักจะมีความผิดปกติที่เรียกว่า ""แสงพราย"" ซึ่งสามารถใช้เป็นสัญญาณเตือนภัยล่วงหน้าได้อย่างมีประสิทธิภาพ","ปรากฏการณ์คลื่นกัดกร่อนที่เกิดเฉพาะในเขตลาไฮรอย เมื่อความหนาแน่นของสสารสุญตาถึงจุดวิกฤต มันจะปะทุขึ้นทันที ปรากฏการณ์นี้สามารถสลาย ""ทุกสิ่งที่มีอยู่"" โดยไม่เลือก เปรียบเสมือนการกลืนกินทุกวัตถุในขอบเขต ส่งผลให้เกิดหายนะครั้งใหญ่ ก่อนการเกิดพายุสุญตามักจะมีความผิดปกติที่เรียกว่า ""แสงพราย"" ซึ่งสามารถใช้เป็นสัญญาณเตือนภัยล่วงหน้าได้อย่างมีประสิทธิภาพ"
700030,ลาไฮรอย,"ตั้งอยู่เบื้องล่างของ ""ทุ่งน้ำแข็งโรญา"" เป็นโอเอซิสใต้ดินที่อบอุ่นและชุ่มชื้น เนื่องจากการเคลื่อนตัวของขั้วโลกในอดีต สถานที่แห่งนี้จึงกลายเป็น ขั้วโลกใหม่ ของโซลาริส ภายใต้ผลกระทบจากการเปลี่ยนแปลงสภาพภูมิอากาศ ชาวโรญาที่เคยอาศัยอยู่บนพื้นผิวโลกจึงอพยพลงมาตั้งถิ่นฐาน ณ ที่แห่งนี้ พื้นที่นี้ถูกตัดขาดทางภูมิศาสตร์มาเป็นเวลานาน ทำให้สายพันธุ์ดึกดำบรรพ์บางชนิดที่สูญพันธุ์ไปแล้วยังคงหลงเหลืออยู่ และค่อยๆ วิวัฒนาการจนกลายเป็นระบบนิเวศเฉพาะถิ่นที่ เป็นเอกเทศอย่างสมบูรณ์","ตั้งอยู่เบื้องล่างของ ""ทุ่งน้ำแข็งโรญา"" เป็นโอเอซิสใต้ดินที่อบอุ่นและชุ่มชื้น เนื่องจากการเคลื่อนตัวของขั้วโลกในอดีต สถานที่แห่งนี้จึงกลายเป็น ขั้วโลกใหม่ ของโซลาริส ภายใต้ผลกระทบจากการเปลี่ยนแปลงสภาพภูมิอากาศ ชาวโรญาที่เคยอาศัยอยู่บนพื้นผิวโลกจึงอพยพลงมาตั้งถิ่นฐาน ณ ที่แห่งนี้ พื้นที่นี้ถูกตัดขาดทางภูมิศาสตร์มาเป็นเวลานาน ทำให้สายพันธุ์ดึกดำบรรพ์บางชนิดที่สูญพันธุ์ไปแล้วยังคงหลงเหลืออยู่ และค่อยๆ วิวัฒนาการจนกลายเป็นระบบนิเวศเฉพาะถิ่นที่ เป็นเอกเทศอย่างสมบูรณ์"
700031,สถาบันสตาร์ทอร์ช,"ชื่อเต็มคือ ""สหพันธ์สเปซเทรค: สถาบันสตาร์ทอร์ช"" ในฐานะชุมชนวิจัยไร้พรมแดน เป็นดินแดนในอุดมคติของผู้แสวงหาความรู้อย่างแท้จริง ชื่อของสถาบันมีที่มาจาก ""ใช้จิตแสวงหาความรู้เป็นเชื้อไฟ ชูคบเพลิงส่องไสวอารยธรรม"" ความรู้ไหลเวียนอย่างเสรี วัฒนธรรมหลากหลายมาบรรจบและก้องกังวานในเมืองมหาวิทยาลัยขนาดใหญ่แห่งนี้","ชื่อเต็มคือ ""สหพันธ์สเปซเทรค: สถาบันสตาร์ทอร์ช"" ในฐานะชุมชนวิจัยไร้พรมแดน เป็นดินแดนในอุดมคติของผู้แสวงหาความรู้อย่างแท้จริง ชื่อของสถาบันมีที่มาจาก ""ใช้จิตแสวงหาความรู้เป็นเชื้อไฟ ชูคบเพลิงส่องไสวอารยธรรม"" ความรู้ไหลเวียนอย่างเสรี วัฒนธรรมหลากหลายมาบรรจบและก้องกังวานในเมืองมหาวิทยาลัยขนาดใหญ่แห่งนี้"
750001,การล่า,"ปฏิบัติการโดยกลาดิเอเตอร์ของเซปติมอนต์เพื่อกำจัดคลื่นทมิฬและอสูรจากคลื่นทมิฬในที่ราบสูงแซงกวิส หมายถึงการปราบปรามที่มีทิศทางของกลาดิเอเตอร์จากเซปติมอนต์ในที่ราบสูงแซงกวิส ซึ่งมุ่งเป้าไปที่คลื่นทมิฬและสมุนคลื่นทมิฬ
ภูมิประเทศที่เป็นเอกลักษณ์ของที่ราบสูงแซงกวิสทำให้เกิดการสะสมพลังงานเศษเสี้ยวความถี่ตกค้าง เมฆกระแสทมิฬจึงวนเวียนอยู่เหนือพื้นที่ เป็นเศษเสี้ยวความถี่จากการบุกโจมตีครั้งแรกของคลื่นทมิฬในรินาซิตา ต่อมา ภูมิภาคนี้กลายเป็นแหล่งเพาะพันธุ์ของสมุนคลื่นทมิฬ โดยการกัดกร่อนของคลื่นทมิฬแพร่กระจายอย่างต่อเนื่อง
เมื่อการเผชิญหน้ากับคลื่นทมิฬขยายตัว ชาวเซปติมอนต์ได้พบกลยุทธ์สกัดกั้นการรุกคืบของคลื่นทมิฬอย่างได้ผล นั่นคือการล่อพวกสมุนคลื่นทมิฬไปทางลิ่มปักธรณี และออกล่าใกล้ฐานพวกมัน นับแต่นั้นมา ""การล่า"" ค่อยๆ พัฒนาไปเป็นประเพณีที่ได้รับการยอมรับและผูกพันลึกซึ้งกับวัฒนธรรมของเซปติมอนต์","ปฏิบัติการโดยกลาดิเอเตอร์ของเซปติมอนต์เพื่อกำจัดคลื่นทมิฬและอสูรจากคลื่นทมิฬในที่ราบสูงแซงกวิส หมายถึงการปราบปรามที่มีทิศทางของกลาดิเอเตอร์จากเซปติมอนต์ในที่ราบสูงแซงกวิส ซึ่งมุ่งเป้าไปที่คลื่นทมิฬและสมุนคลื่นทมิฬ
ภูมิประเทศที่เป็นเอกลักษณ์ของที่ราบสูงแซงกวิสทำให้เกิดการสะสมพลังงานเศษเสี้ยวความถี่ตกค้าง เมฆกระแสทมิฬจึงวนเวียนอยู่เหนือพื้นที่ เป็นเศษเสี้ยวความถี่จากการบุกโจมตีครั้งแรกของคลื่นทมิฬในรินาซิตา ต่อมา ภูมิภาคนี้กลายเป็นแหล่งเพาะพันธุ์ของสมุนคลื่นทมิฬ โดยการกัดกร่อนของคลื่นทมิฬแพร่กระจายอย่างต่อเนื่อง
เมื่อการเผชิญหน้ากับคลื่นทมิฬขยายตัว ชาวเซปติมอนต์ได้พบกลยุทธ์สกัดกั้นการรุกคืบของคลื่นทมิฬอย่างได้ผล นั่นคือการล่อพวกสมุนคลื่นทมิฬไปทางลิ่มปักธรณี และออกล่าใกล้ฐานพวกมัน นับแต่นั้นมา ""การล่า"" ค่อยๆ พัฒนาไปเป็นประเพณีที่ได้รับการยอมรับและผูกพันลึกซึ้งกับวัฒนธรรมของเซปติมอนต์"
750002,สมุนคลื่นทมิฬ,ประเภทของทาเซ็ตดิสคอร์ดที่เกิดจากคลื่นทมิฬ,ประเภทของทาเซ็ตดิสคอร์ดที่เกิดจากคลื่นทมิฬ
750003,ลิ่มปักธรณี,โครงสร้างรูปลิ่มขนาดใหญ่ซึ่งอยู่ในตอนล่างของที่ราบสูงแซงกวิส เป็นสิ่งที่มาจากสวรรค์พร้อมกับเซนติเนล Imperator แห่งรินาซิตา และเป็นผู้มีอำนาจควบคุม เมื่อเกิดการบุกโจมตีครั้งแรกของคลื่นทมิฬในรินาซิตา ลิ่มปักธรณีจึงถูกเปิดใช้งาน สนามพลังของมันยับยั้งเมฆกระแสทมิฬเหนือสนามล่าอย่างได้ผล เมฆจึงไม่แพร่กระจายเข้าสู่บริเวณเมืองเซปติมอนต์ ต่อมาคลื่นทมิฬฬที่เกิดจากเมฆจึงถูกจำกัดไว้เพียงบริเวณตอนล่างของที่ราบสูง,โครงสร้างรูปลิ่มขนาดใหญ่ซึ่งอยู่ในตอนล่างของที่ราบสูงแซงกวิส เป็นสิ่งที่มาจากสวรรค์พร้อมกับเซนติเนล Imperator แห่งรินาซิตา และเป็นผู้มีอำนาจควบคุม เมื่อเกิดการบุกโจมตีครั้งแรกของคลื่นทมิฬในรินาซิตา ลิ่มปักธรณีจึงถูกเปิดใช้งาน สนามพลังของมันยับยั้งเมฆกระแสทมิฬเหนือสนามล่าอย่างได้ผล เมฆจึงไม่แพร่กระจายเข้าสู่บริเวณเมืองเซปติมอนต์ ต่อมาคลื่นทมิฬฬที่เกิดจากเมฆจึงถูกจำกัดไว้เพียงบริเวณตอนล่างของที่ราบสูง
750004,ผาวายุ,"อยู่บริเวณชานเมืองเซปติมอนต์ เป็น ""จุดเชื่อมการเดินทางกลางอากาศ"" ให้กลาดิเอเตอร์ข้ามหุบเขาลึกและเดินทางไปมาระหว่างที่ราบสูงแซงกวิส","อยู่บริเวณชานเมืองเซปติมอนต์ เป็น ""จุดเชื่อมการเดินทางกลางอากาศ"" ให้กลาดิเอเตอร์ข้ามหุบเขาลึกและเดินทางไปมาระหว่างที่ราบสูงแซงกวิส"
750005,วิหารเธทรากอน,"ที่พักของเหล่านักบวชหญิงแห่งเซปติมอนต์ ซึ่งเป็นสถานที่ตรวจชะตา และบันทึกคำพยากรณ์ เรียกโดยทั่วไปว่า ""วิหาร""","ที่พักของเหล่านักบวชหญิงแห่งเซปติมอนต์ ซึ่งเป็นสถานที่ตรวจชะตา และบันทึกคำพยากรณ์ เรียกโดยทั่วไปว่า ""วิหาร"""
750006,ป่าสีชาด,ตั้งอยู่ในพื้นที่ชั้นกลางและชั้นบนของที่ราบสูงแซงกวิส เป็นพื้นที่ล่าหลักที่ชาวเซปติมอนต์ใช้ในการล่าคลื่นทมิฬและสิ่งมีชีวิตที่ถูกสร้างขึ้นมาแล้วหลายรุ่น,ตั้งอยู่ในพื้นที่ชั้นกลางและชั้นบนของที่ราบสูงแซงกวิส เป็นพื้นที่ล่าหลักที่ชาวเซปติมอนต์ใช้ในการล่าคลื่นทมิฬและสิ่งมีชีวิตที่ถูกสร้างขึ้นมาแล้วหลายรุ่น
750007,Hornett,เอคโค่สาธารณะที่มีรูปทรงเป็นเขาขนาดใหญ่ ทุกครั้งที่กิจกรรมการล่าขนาดใหญ่เริ่มต้นหรือสิ้นสุด เสียงแหลมยาวจะดังออกมาจากท่อของ Hornett,เอคโค่สาธารณะที่มีรูปทรงเป็นเขาขนาดใหญ่ ทุกครั้งที่กิจกรรมการล่าขนาดใหญ่เริ่มต้นหรือสิ้นสุด เสียงแหลมยาวจะดังออกมาจากท่อของ Hornett
750008,หุบเขาลึก,น่านน้ำที่แคบและยาว ซึ่งกั้นระหว่างแผ่นดินหลักของเซปติมอนต์และที่ราบสูงแซงกวิส,น่านน้ำที่แคบและยาว ซึ่งกั้นระหว่างแผ่นดินหลักของเซปติมอนต์และที่ราบสูงแซงกวิส
750009,เพลิงศักดิ์สิทธิ์,"เพลิงที่มีลักษณะเฉพาะที่เกิดจากแร่ธาตุบางอย่าง รูปร่างของมันคล้ายแสงบริสุทธิ์มากกว่าไฟทั่วไป ประเภทและปริมาณของแร่ธาตุที่ใช้สร้างเพลิงนี้ถูกปกปิดเป็นความลับสุดยอด และเปิดเผยให้เฉพาะนักบวชหญิงจากรุ่นสู่รุ่นเท่านั้น
เพลิงศักดิ์สิทธิ์ไม่มีพลังเรโซแนนซ์ แต่เหล่านักบวชจะส่งต่อพลังเรโซแนนซ์ผ่านเพลิงนั้น และแลมองอนาคตผ่านแสงเพื่อให้คำพยากรณ์
สำหรับเหล่านักบวช เพลิงศักดิ์สิทธิ์ไม่ใช่เพียงสื่อกลางพยากรณ์ แต่เป็น ""แสงสวรรค์สาดส่องมายังโลกมนุษย์"" มักเรียกขานสั้นๆ ว่า ""เพลิง""","เพลิงที่มีลักษณะเฉพาะที่เกิดจากแร่ธาตุบางอย่าง รูปร่างของมันคล้ายแสงบริสุทธิ์มากกว่าไฟทั่วไป ประเภทและปริมาณของแร่ธาตุที่ใช้สร้างเพลิงนี้ถูกปกปิดเป็นความลับสุดยอด และเปิดเผยให้เฉพาะนักบวชหญิงจากรุ่นสู่รุ่นเท่านั้น
เพลิงศักดิ์สิทธิ์ไม่มีพลังเรโซแนนซ์ แต่เหล่านักบวชจะส่งต่อพลังเรโซแนนซ์ผ่านเพลิงนั้น และแลมองอนาคตผ่านแสงเพื่อให้คำพยากรณ์
สำหรับเหล่านักบวช เพลิงศักดิ์สิทธิ์ไม่ใช่เพียงสื่อกลางพยากรณ์ แต่เป็น ""แสงสวรรค์สาดส่องมายังโลกมนุษย์"" มักเรียกขานสั้นๆ ว่า ""เพลิง"""
750010,ห้วงวิญญาณบรรพชน,"ซากปรักหักพังของอารยธรรมในอดีต ว่ากันว่าถูกฝังลึกใต้ที่ราบสูงแซงกวิส ทางเข้าอยู่ในแดนรกร้าง ซึ่งราชาแห่งวีรชนทั้งสามจากเซปติมอนต์ได้เคยไปเยือนเมื่อนานมาแล้ว
ตำนานกล่าวว่า ผู้ที่ย่างก้าวในห้วงวิญญาณบรรพชน จะสามารถได้ยินเสียงกระซิบของราชาแห่งวีรชน และได้รับพลังเทียบเทียมกัน บ้างก็ว่าในเมื่อราชาแห่งวีรชนมาเยือนที่แห่งนี้ การเดินทางสู่ห้วงวิญญาณบรรพชนจึงเป็นบททดสอบที่เลี่ยงไม่ได้สำหรับผู้ประสงค์จะได้ขนานนามว่าราชาแห่งวีรชน","ซากปรักหักพังของอารยธรรมในอดีต ว่ากันว่าถูกฝังลึกใต้ที่ราบสูงแซงกวิส ทางเข้าอยู่ในแดนรกร้าง ซึ่งราชาแห่งวีรชนทั้งสามจากเซปติมอนต์ได้เคยไปเยือนเมื่อนานมาแล้ว
ตำนานกล่าวว่า ผู้ที่ย่างก้าวในห้วงวิญญาณบรรพชน จะสามารถได้ยินเสียงกระซิบของราชาแห่งวีรชน และได้รับพลังเทียบเทียมกัน บ้างก็ว่าในเมื่อราชาแห่งวีรชนมาเยือนที่แห่งนี้ การเดินทางสู่ห้วงวิญญาณบรรพชนจึงเป็นบททดสอบที่เลี่ยงไม่ได้สำหรับผู้ประสงค์จะได้ขนานนามว่าราชาแห่งวีรชน"
750011,เหรียญรางวัลโฮล์มลีฟ,เหรียญรางวัลที่มอบให้โดยผู้ปกครองเมืองเซปติมอนต์ ซึ่งมอบให้เฉพาะกลาดิเอเตอร์ผู้แสดงผลงานยอดเยี่ยมเป็นพิเศษในการล่าคลื่นทมิฬเท่านั้น ถือกันว่าเป็นหนึ่งในเกียรติยศสูงสุดในหมู่กลาดิเอเตอร์,เหรียญรางวัลที่มอบให้โดยผู้ปกครองเมืองเซปติมอนต์ ซึ่งมอบให้เฉพาะกลาดิเอเตอร์ผู้แสดงผลงานยอดเยี่ยมเป็นพิเศษในการล่าคลื่นทมิฬเท่านั้น ถือกันว่าเป็นหนึ่งในเกียรติยศสูงสุดในหมู่กลาดิเอเตอร์
750012,Griffrex,"มีถิ่นกำเนิดในภูมิภาคเซปติมอนต์ Griffrex เคยอาศัยรวมกับบรรพบุรุษชาวเซปติมอนต์ที่ลี้ภัยในรินาซิตา
การบุกโจมตีครั้งแรกของคลื่นทมิฬ ได้ทำลายเทือกเขาชายแดนอันเป็นที่อยู่อาศัยของ Griffrex ทำให้ Griffrex สูญพันธุ์ไป นับแต่นั้นมา Griffrex ส่วนใหญ่จึงปรากฏในรูปแบบเอคโค่ทั่วไป ซึ่งสร้างโดยคลื่นความถี่คงที่จากเสาเรโซแนนซ์เน็กซัส
เมื่อเวลาผ่านไป ชาวเซปติมอนต์สังเกตพบว่าเอคโค่ Griffrex ยังคงมีสัญชาตญาณการล่า และรับรู้ความถี่ภายนอกได้ พวกมันจึงได้รับการฝึกเป็นเอคโค่สาธารณะสำหรับการล่า เพื่อแกะรอยและโจมตีสมุนคลื่นทมิฬ","มีถิ่นกำเนิดในภูมิภาคเซปติมอนต์ Griffrex เคยอาศัยรวมกับบรรพบุรุษชาวเซปติมอนต์ที่ลี้ภัยในรินาซิตา
การบุกโจมตีครั้งแรกของคลื่นทมิฬ ได้ทำลายเทือกเขาชายแดนอันเป็นที่อยู่อาศัยของ Griffrex ทำให้ Griffrex สูญพันธุ์ไป นับแต่นั้นมา Griffrex ส่วนใหญ่จึงปรากฏในรูปแบบเอคโค่ทั่วไป ซึ่งสร้างโดยคลื่นความถี่คงที่จากเสาเรโซแนนซ์เน็กซัส
เมื่อเวลาผ่านไป ชาวเซปติมอนต์สังเกตพบว่าเอคโค่ Griffrex ยังคงมีสัญชาตญาณการล่า และรับรู้ความถี่ภายนอกได้ พวกมันจึงได้รับการฝึกเป็นเอคโค่สาธารณะสำหรับการล่า เพื่อแกะรอยและโจมตีสมุนคลื่นทมิฬ"
750013,หินสมอ,"อุปกรณ์ขนาดเล็กที่ทำจากวัสดุที่ได้จากลิ่มปักธรณีร่วมกับทาเซไทต์ใต้ดิน สามารถให้พลังงานแก่เสาพันธนาการสมอและใช้เสาพันธนาการสมอเพื่อเพิ่มความถี่ของมัน เพื่อขับไล่คลื่นทมิฬและสมุนคลื่นทมิฬ
กลาดิเอเตอร์จากเซปติมอนต์มักจะตั้งเสาพันธนาการสมอที่หินสมอไว้ในสนามการล่าหลัก———ป่าสีชาด พวกเขาใช้หินสมอและเสาพันธนาการสมอเพื่อขับไล่คลื่นทมิฬหรือสมุนคลื่นทมิฬไปยังพื้นที่ใกล้กับชั้นล่างของลิ่มปักธรณี จากนั้นจึงดำเนินการล่า การกระทำนี้สามารถรับประกันได้อย่างมีประสิทธิภาพว่าคลื่นทมิฬจะถูกกักขังโดยลิ่มปักธรณี","อุปกรณ์ขนาดเล็กที่ทำจากวัสดุที่ได้จากลิ่มปักธรณีร่วมกับทาเซไทต์ใต้ดิน สามารถให้พลังงานแก่เสาพันธนาการสมอและใช้เสาพันธนาการสมอเพื่อเพิ่มความถี่ของมัน เพื่อขับไล่คลื่นทมิฬและสมุนคลื่นทมิฬ
กลาดิเอเตอร์จากเซปติมอนต์มักจะตั้งเสาพันธนาการสมอที่หินสมอไว้ในสนามการล่าหลัก———ป่าสีชาด พวกเขาใช้หินสมอและเสาพันธนาการสมอเพื่อขับไล่คลื่นทมิฬหรือสมุนคลื่นทมิฬไปยังพื้นที่ใกล้กับชั้นล่างของลิ่มปักธรณี จากนั้นจึงดำเนินการล่า การกระทำนี้สามารถรับประกันได้อย่างมีประสิทธิภาพว่าคลื่นทมิฬจะถูกกักขังโดยลิ่มปักธรณี"
750014,เสาพันธนาการสมอ,"อุปกรณ์ที่สามารถนำไปติดตั้งในภาคสนามเพื่อขยายความถี่ที่เกิดจากหินสมอ เมื่อใส่หินสมอเข้าไป จะเกิดสนามพลังในการปัดเป่าคลื่นทมิฬและสมุนคลื่นทมิฬ
กลาดิเอเตอร์จากเซปติมอนต์มักจะตั้งเสาพันธนาการสมอในสนามการล่าหลัก———ป่าสีชาด พวกเขาใช้หินสมอและเสาพันธนาการสมอเพื่อขับไล่คลื่นทมิฬหรือสมุนคลื่นทมิฬไปยังพื้นที่ใกล้กับชั้นล่างของลิ่มปักธรณี จากนั้นจึงดำเนินการล่า ซึ่งกลยุทธ์นี้ได้ผลดีอย่างยิ่งในการป้องกันไม่ให้คลื่นทมิฬแพร่ขยายออกไปนอกบริเวณกักกันรอบลิ่มปักธรณี","อุปกรณ์ที่สามารถนำไปติดตั้งในภาคสนามเพื่อขยายความถี่ที่เกิดจากหินสมอ เมื่อใส่หินสมอเข้าไป จะเกิดสนามพลังในการปัดเป่าคลื่นทมิฬและสมุนคลื่นทมิฬ
กลาดิเอเตอร์จากเซปติมอนต์มักจะตั้งเสาพันธนาการสมอในสนามการล่าหลัก———ป่าสีชาด พวกเขาใช้หินสมอและเสาพันธนาการสมอเพื่อขับไล่คลื่นทมิฬหรือสมุนคลื่นทมิฬไปยังพื้นที่ใกล้กับชั้นล่างของลิ่มปักธรณี จากนั้นจึงดำเนินการล่า ซึ่งกลยุทธ์นี้ได้ผลดีอย่างยิ่งในการป้องกันไม่ให้คลื่นทมิฬแพร่ขยายออกไปนอกบริเวณกักกันรอบลิ่มปักธรณี"
750015,ทุ่งร้างแอสโฟเดล,บริเวณที่ลึกเข้าไปในป่าสีชาด ที่เนินสูงใกล้ลิ่มผ่าปฐพี อยู่ตอนกลางส่วนล่างของที่ราบสูงแซงกวิส เป็นสมรภูมิหลักที่กลาดิเอเตอร์จะเข้าสู้กับคลื่นทมิฬและอสูรจากคลื่นทมิฬ,บริเวณที่ลึกเข้าไปในป่าสีชาด ที่เนินสูงใกล้ลิ่มผ่าปฐพี อยู่ตอนกลางส่วนล่างของที่ราบสูงแซงกวิส เป็นสมรภูมิหลักที่กลาดิเอเตอร์จะเข้าสู้กับคลื่นทมิฬและอสูรจากคลื่นทมิฬ
750016,เมืองพึมพำ,เมืองกลาดิเอเตอร์ท้อแท้อยู่ในแดนรกร้างที่ตอนล่างของที่ราบสูงแซงกวิส,เมืองกลาดิเอเตอร์ท้อแท้อยู่ในแดนรกร้างที่ตอนล่างของที่ราบสูงแซงกวิส
750017,แดนรกร้าง,หมายถึงตอนล่างของที่ราบสูงแซงกวิสซึ่งถูกคลื่นทมิฬครอบงำ เป็นเขตไร้ผู้คน มีสภาพแวดล้อมไม่เหมาะต่อการอยู่อาศัยหรือทำกิจกรรมของมนุษย์,หมายถึงตอนล่างของที่ราบสูงแซงกวิสซึ่งถูกคลื่นทมิฬครอบงำ เป็นเขตไร้ผู้คน มีสภาพแวดล้อมไม่เหมาะต่อการอยู่อาศัยหรือทำกิจกรรมของมนุษย์
750018,เมโซนา,พืชในตำนานที่ว่ากันว่าเติบโตในห้วงสมุทรบรรพวิญญาณ สามารถรอดอยู่ได้หลายปีในสภาพแวดล้อมซึ่งถูกคลื่นทมิฬครอบงำ เพราะมีความสามารถต้านทานตามธรรมชาติ เมื่อใช้เป็นยา จะสามารถชะลอเอฟเฟกต์กัดกร่อนของคลื่นทมิฬในร่างกายมนุษย์ และช่วยฟื้นฟูสติรับรู้,พืชในตำนานที่ว่ากันว่าเติบโตในห้วงสมุทรบรรพวิญญาณ สามารถรอดอยู่ได้หลายปีในสภาพแวดล้อมซึ่งถูกคลื่นทมิฬครอบงำ เพราะมีความสามารถต้านทานตามธรรมชาติ เมื่อใช้เป็นยา จะสามารถชะลอเอฟเฟกต์กัดกร่อนของคลื่นทมิฬในร่างกายมนุษย์ และช่วยฟื้นฟูสติรับรู้
750019,ร่างกัดกร่อน,"เหยื่อการกัดกร่อนของคลื่นทมิฬที่สูญเสียความรับรู้ตนเองโดยสิ้นเชิง ร่างของพวกเขาเปรียบดั่งรูปปั้นหินซึ่งมีขนาดเท่าร่างเดิม เหยื่อจะพึมพำไม่หยุด และพร่ำสวด ""เพลงศักดิ์สิทธิ์สรรเสริญคลื่นทมิฬ"" รวมถึงคำอื่นๆ ไม่เป็นภาษา มีการยืนยันว่าเสียงจากร่างกัดกร่อนบั่นทอนจิตใจ อาจส่งผลต่อการรับรู้และความสงบของจิตใจคนปกติในระดับหนึ่ง","เหยื่อการกัดกร่อนของคลื่นทมิฬที่สูญเสียความรับรู้ตนเองโดยสิ้นเชิง ร่างของพวกเขาเปรียบดั่งรูปปั้นหินซึ่งมีขนาดเท่าร่างเดิม เหยื่อจะพึมพำไม่หยุด และพร่ำสวด ""เพลงศักดิ์สิทธิ์สรรเสริญคลื่นทมิฬ"" รวมถึงคำอื่นๆ ไม่เป็นภาษา มีการยืนยันว่าเสียงจากร่างกัดกร่อนบั่นทอนจิตใจ อาจส่งผลต่อการรับรู้และความสงบของจิตใจคนปกติในระดับหนึ่ง"
750020,รูปปั้นนำทาง,วัตถุที่ดูคล้ายรูปปั้นหินขนาดใหญ่ มักพบใกล้เส้นทางที่พลุกพล่านหรือจุดที่อยู่สูง เพื่อเป็นเครื่องหมายนำทางให้ผู้สัญจร บ้างก็ว่ารูปปั้นนำทางเป็นเอคโค่พิเศษ ซึ่งก่อตัวจากความถี่ทางอารมณ์ที่เข้มข้นของกลาดิเอเตอร์ที่เดินทางผ่านบริเวณนี้ อย่างไรก็ตาม ทฤษฎีนี้ยังคงเป็นที่ถกเถียงในแวดวงวิชาการ,วัตถุที่ดูคล้ายรูปปั้นหินขนาดใหญ่ มักพบใกล้เส้นทางที่พลุกพล่านหรือจุดที่อยู่สูง เพื่อเป็นเครื่องหมายนำทางให้ผู้สัญจร บ้างก็ว่ารูปปั้นนำทางเป็นเอคโค่พิเศษ ซึ่งก่อตัวจากความถี่ทางอารมณ์ที่เข้มข้นของกลาดิเอเตอร์ที่เดินทางผ่านบริเวณนี้ อย่างไรก็ตาม ทฤษฎีนี้ยังคงเป็นที่ถกเถียงในแวดวงวิชาการ
750035,ทะเลอีเธอริก,ปรากฎการณ์ประหลาดที่แผ่ปกคลุมไปทั่วท้องฟ้าโซลาริส ซึ่งปรากฎขึ้นหลังจากมีเหตุอาดูรการณ์ครั้งหนึ่งเกิดการกลายพันธุ์ งานวิจัยปัจจุบันมองว่ามันเกิดจากการรวมตัวของพลังงานเศษเสี้ยวความถี่ที่มีระดับความหนาแน่นสูง หลังจากที่มันปกคลุมทั่วดาวเคราะห์บนห้วงเวหา การสำรวจจักรวาลของชาวโซลาริสก็หยุดชะงักลงโดยปริยาย,ปรากฎการณ์ประหลาดที่แผ่ปกคลุมไปทั่วท้องฟ้าโซลาริส ซึ่งปรากฎขึ้นหลังจากมีเหตุอาดูรการณ์ครั้งหนึ่งเกิดการกลายพันธุ์ งานวิจัยปัจจุบันมองว่ามันเกิดจากการรวมตัวของพลังงานเศษเสี้ยวความถี่ที่มีระดับความหนาแน่นสูง หลังจากที่มันปกคลุมทั่วดาวเคราะห์บนห้วงเวหา การสำรวจจักรวาลของชาวโซลาริสก็หยุดชะงักลงโดยปริยาย
750036,สไตรเดอร์เกต,"ทางเข้าซึ่งสร้างขึ้นตอนที่ Exostrider และ เธรโนเดียน Aleph-1 เข้าสู่โซลาริส เหล่านักวิจัยแห่งลาไฮรอยเชื่อกันอย่างกว้างขวางว่าสามารถใช้มันเป็นเส้นทางเชื่อมไปสู่ห้วงอวกาศนอกโลกได้ เครือข่ายราก Soliskin ที่ตั้งอยู่บนนั้นจะตัดขาดพลังของ Aleph-1 ไว้ที่ด้านหลังประตูชั่วคราว จนกลายเป็นสิ่งที่เรียกกันว่า ""ประตูแห่งการผนึก""","ทางเข้าซึ่งสร้างขึ้นตอนที่ Exostrider และ เธรโนเดียน Aleph-1 เข้าสู่โซลาริส เหล่านักวิจัยแห่งลาไฮรอยเชื่อกันอย่างกว้างขวางว่าสามารถใช้มันเป็นเส้นทางเชื่อมไปสู่ห้วงอวกาศนอกโลกได้ เครือข่ายราก Soliskin ที่ตั้งอยู่บนนั้นจะตัดขาดพลังของ Aleph-1 ไว้ที่ด้านหลังประตูชั่วคราว จนกลายเป็นสิ่งที่เรียกกันว่า ""ประตูแห่งการผนึก"""
750037,สภาวะสสารสุญตาไม่เสถียร,ปรากฎการณ์พิเศษประเภทหนึ่งที่เกิดขึ้นในทุ่งน้ำแข็งโรญา สันนิษฐานว่าสาเหตุที่มันเกิดขึ้นมานั้นเป็นเพราะ ตอนที่พลังของเธรโนเดียนบริเวณพื้นที่นี้พยายามดูดกลืน Exostrider จึงเกิดการเปลี่ยนแปลงที่ผิดปกติต่อสสารสุญตา สิ่งต่างๆ ที่ได้รับผลกระทบจะอยู่ในสถานะที่ไม่เสถียร และไม่สามารถสังเกตการณ์ได้,ปรากฎการณ์พิเศษประเภทหนึ่งที่เกิดขึ้นในทุ่งน้ำแข็งโรญา สันนิษฐานว่าสาเหตุที่มันเกิดขึ้นมานั้นเป็นเพราะ ตอนที่พลังของเธรโนเดียนบริเวณพื้นที่นี้พยายามดูดกลืน Exostrider จึงเกิดการเปลี่ยนแปลงที่ผิดปกติต่อสสารสุญตา สิ่งต่างๆ ที่ได้รับผลกระทบจะอยู่ในสถานะที่ไม่เสถียร และไม่สามารถสังเกตการณ์ได้
750038,เครื่องจัดโครงสร้างโมดูล,"อุปกรณ์พิเศษที่สหพันธ์สเปซเทรคพัฒนาขึ้นมาเพื่อภารกิจวิจัยในทุ่งน้ำแข็งโรญาโดยเฉพาะ มันช่วยให้สามารถสังเกตและใช้ประโยชน์จากสิ่งที่อยู่ใน ""สภาวะสสารสุญตาไม่เสถียร"" ได้อีกครั้ง ในพื้นที่ที่มีสัญญาณมั่นคง อุปกรณ์นี้จะถูกส่งไปยังสถานที่ต่างๆ ของผู้ใช้งานโดยตรง","อุปกรณ์พิเศษที่สหพันธ์สเปซเทรคพัฒนาขึ้นมาเพื่อภารกิจวิจัยในทุ่งน้ำแข็งโรญาโดยเฉพาะ มันช่วยให้สามารถสังเกตและใช้ประโยชน์จากสิ่งที่อยู่ใน ""สภาวะสสารสุญตาไม่เสถียร"" ได้อีกครั้ง ในพื้นที่ที่มีสัญญาณมั่นคง อุปกรณ์นี้จะถูกส่งไปยังสถานที่ต่างๆ ของผู้ใช้งานโดยตรง"
750039,สถานีอวกาศสกายอาร์ก,"สถานีอวกาศสภาซาวานเทย์ที่ทะยานสู่ผืนฟ้าและโคจรอยู่บริเวณใกล้เคียงกับโซลาริส ในช่วงที่ทะเลอีเธอริกยังไม่แผ่ปกคลุมทั่วโซลาริส โปรเจกต์สำคัญในการวิจัยคือ ""หยดของเหลวแห่งทะเลอีเธอริก"" โดยมุ่งเน้นไปยังการสำรวจมิติจักรวาลที่กว้างใหญ่ยิ่งกว่าเดิม","สถานีอวกาศสภาซาวานเทย์ที่ทะยานสู่ผืนฟ้าและโคจรอยู่บริเวณใกล้เคียงกับโซลาริส ในช่วงที่ทะเลอีเธอริกยังไม่แผ่ปกคลุมทั่วโซลาริส โปรเจกต์สำคัญในการวิจัยคือ ""หยดของเหลวแห่งทะเลอีเธอริก"" โดยมุ่งเน้นไปยังการสำรวจมิติจักรวาลที่กว้างใหญ่ยิ่งกว่าเดิม"
750040,มิติสุญตา,"ห้วงมิติระดับสูงซึ่งฝังตัวลึกภายในสสารสุญตาที่มีระดับความหนาแน่นสูง ตั้งอยู่ ""ภายใน"" Aleph-1 มิติและกาลเวลาของที่นี่ต่างแปรสภาพกลายเป็นความปั่นป่วน หากสิ่งมีชีวิตใดเข้าสู่มิตินั้น ความถี่จะสลายหายไปอย่างรวดเร็ว และหวนคืนสู่ความว่างเปล่าในที่สุด","ห้วงมิติระดับสูงซึ่งฝังตัวลึกภายในสสารสุญตาที่มีระดับความหนาแน่นสูง ตั้งอยู่ ""ภายใน"" Aleph-1 มิติและกาลเวลาของที่นี่ต่างแปรสภาพกลายเป็นความปั่นป่วน หากสิ่งมีชีวิตใดเข้าสู่มิตินั้น ความถี่จะสลายหายไปอย่างรวดเร็ว และหวนคืนสู่ความว่างเปล่าในที่สุด"
750041,Snowfluff Seal,แมวน้ำที่อาศัยอยู่ในทุ่งน้ำแข็งโรญา ซึ่งตั้งชื่อตามรูปร่างกลมๆ และมีสีขาวสะอาดเหมือนสโนว์บอล พวกมันมีลักษณะนิสัยเชื่องโดยกำเนิด ไม่มีปฏิกิริยาตอบสนองใดๆ ต่อคนและสิ่งของ กิจวัตรของพวกมันมีแค่การกินและนอนแผ่นิ่งๆ เท่านั้น เมื่อสัมผัสได้ถึงอันตรายที่น่ากลัวถึงขีดสุด มันจึงจะลุกขึ้นมาแล้วแยกเขี้ยวยิงฟันเพื่อข่มขู่ศัตรู แต่หากการข่มขู่นั้นไร้ผล ก็จะรีบถอยหนีไปยังพื้นที่ที่ปลอดภัยทันที,แมวน้ำที่อาศัยอยู่ในทุ่งน้ำแข็งโรญา ซึ่งตั้งชื่อตามรูปร่างกลมๆ และมีสีขาวสะอาดเหมือนสโนว์บอล พวกมันมีลักษณะนิสัยเชื่องโดยกำเนิด ไม่มีปฏิกิริยาตอบสนองใดๆ ต่อคนและสิ่งของ กิจวัตรของพวกมันมีแค่การกินและนอนแผ่นิ่งๆ เท่านั้น เมื่อสัมผัสได้ถึงอันตรายที่น่ากลัวถึงขีดสุด มันจึงจะลุกขึ้นมาแล้วแยกเขี้ยวยิงฟันเพื่อข่มขู่ศัตรู แต่หากการข่มขู่นั้นไร้ผล ก็จะรีบถอยหนีไปยังพื้นที่ที่ปลอดภัยทันที
750042,ไขสุริยะ,ยาชนิดพิเศษที่ใช้รักษาโรคที่พบเจอได้ยากยิ่ง แต่มีคนจำนวนน้อยมากที่สามารถทนผลข้างเคียงของมันได้ ปัจจุบันนี้ยังคงอยู่ในช่วงค้นคว้าและรอการตรวจสอบ สภาพปกติของไขสุริยะจะอยู่ในลักษณะของเหลวสีทอง เมื่ออยู่ในระดับอุณหภูมิห้องอาจมีรูปแบบที่ไม่คงตัวนัก และมีเอกลักษณ์คือแผ่ความร้อนสูง ในบางกรณีซึ่งพบเจอได้น้อยมาก คือสามารถควบคุมมันให้แปรสภาพเป็นของแข็งได้,ยาชนิดพิเศษที่ใช้รักษาโรคที่พบเจอได้ยากยิ่ง แต่มีคนจำนวนน้อยมากที่สามารถทนผลข้างเคียงของมันได้ ปัจจุบันนี้ยังคงอยู่ในช่วงค้นคว้าและรอการตรวจสอบ สภาพปกติของไขสุริยะจะอยู่ในลักษณะของเหลวสีทอง เมื่ออยู่ในระดับอุณหภูมิห้องอาจมีรูปแบบที่ไม่คงตัวนัก และมีเอกลักษณ์คือแผ่ความร้อนสูง ในบางกรณีซึ่งพบเจอได้น้อยมาก คือสามารถควบคุมมันให้แปรสภาพเป็นของแข็งได้
750043,องค์กรเวชศาสตร์ฟื้นฟู Novialle,"เครือบริษัทเวชภัณฑ์ขนาดเล็กถึงกลางที่ก่อตั้งขึ้นในสหพันธรัฐใหม่ เทคโนโลยีหลักขององค์กรพัฒนาต่อยอดจากยาชนิดพิเศษที่ถูกเรียกว่า ""ไขสุริยะ"" ซึ่งถูกมองว่าเป็นผลงานที่ก้าวข้ามขีดจำกัดอย่างมาก ทั้งยังมีประเด็นถกเถียงและถูกจับตามองมาโดยตลอดเช่นกัน","เครือบริษัทเวชภัณฑ์ขนาดเล็กถึงกลางที่ก่อตั้งขึ้นในสหพันธรัฐใหม่ เทคโนโลยีหลักขององค์กรพัฒนาต่อยอดจากยาชนิดพิเศษที่ถูกเรียกว่า ""ไขสุริยะ"" ซึ่งถูกมองว่าเป็นผลงานที่ก้าวข้ามขีดจำกัดอย่างมาก ทั้งยังมีประเด็นถกเถียงและถูกจับตามองมาโดยตลอดเช่นกัน"
750044,กรงกักกัน,"ทาเซ็ตดิสคอร์ดจำนวนมากที่แพร่กระจายมาจากทุ่งร้าง
นอร์ฟอลล์ จะถูกแยกและกักขังในลานขนาดต่างๆ ภายในแดน
เสวียนฟาง ลานเหล่านี้ถูกเรียกว่า ""ลานกักกัน"" ปัจจุบันเป็นสถานที่สำหรับกำจัดทาเซ็ตดิสคอร์ด
ทาเซ็ตดิสคอร์ดแต่ละตัวจะถูกขังใน ""กรงกักกัน"" ของตัวเอง ""กรงกักกัน"" เหล่านี้ยังสามารถบรรจุหุ่นกล เพื่อขนส่งหุ่นกลที่สร้างขึ้นใหม่โดยโรงกลกลางนภา ไปยังสถานที่ที่ต้องการพวกมันได้","ทาเซ็ตดิสคอร์ดจำนวนมากที่แพร่กระจายมาจากทุ่งร้าง
นอร์ฟอลล์ จะถูกแยกและกักขังในลานขนาดต่างๆ ภายในแดน
เสวียนฟาง ลานเหล่านี้ถูกเรียกว่า ""ลานกักกัน"" ปัจจุบันเป็นสถานที่สำหรับกำจัดทาเซ็ตดิสคอร์ด
ทาเซ็ตดิสคอร์ดแต่ละตัวจะถูกขังใน ""กรงกักกัน"" ของตัวเอง ""กรงกักกัน"" เหล่านี้ยังสามารถบรรจุหุ่นกล เพื่อขนส่งหุ่นกลที่สร้างขึ้นใหม่โดยโรงกลกลางนภา ไปยังสถานที่ที่ต้องการพวกมันได้"
750045,ลานกักกัน,"ทาเซ็ตดิสคอร์ดจำนวนมากที่แพร่กระจายมาจากทุ่งร้าง
นอร์ฟอลล์ จะถูกแยกและกักขังในลานขนาดต่างๆ ภายในแดน
เสวียนฟาง ลานเหล่านี้ถูกเรียกว่า ""ลานกักกัน"" ปัจจุบันเป็นสถานที่สำหรับกำจัดทาเซ็ตดิสคอร์ด
ทาเซ็ตดิสคอร์ดแต่ละตัวจะถูกขังใน ""กรงกักกัน"" ของตัวเอง ""กรงกักกัน"" เหล่านี้ยังสามารถบรรจุหุ่นกล เพื่อขนส่งหุ่นกลที่สร้างขึ้นใหม่โดยโรงกลกลางนภา ไปยังสถานที่ที่ต้องการพวกมันได้","ทาเซ็ตดิสคอร์ดจำนวนมากที่แพร่กระจายมาจากทุ่งร้าง
นอร์ฟอลล์ จะถูกแยกและกักขังในลานขนาดต่างๆ ภายในแดน
เสวียนฟาง ลานเหล่านี้ถูกเรียกว่า ""ลานกักกัน"" ปัจจุบันเป็นสถานที่สำหรับกำจัดทาเซ็ตดิสคอร์ด
ทาเซ็ตดิสคอร์ดแต่ละตัวจะถูกขังใน ""กรงกักกัน"" ของตัวเอง ""กรงกักกัน"" เหล่านี้ยังสามารถบรรจุหุ่นกล เพื่อขนส่งหุ่นกลที่สร้างขึ้นใหม่โดยโรงกลกลางนภา ไปยังสถานที่ที่ต้องการพวกมันได้"
750046,ไตรอัศวินเงา,"หน่วยปฏิบัติการพิเศษที่ก่อตั้งโดยหน่วยพิทักษ์เสวียนฟาง มีสมาชิก 3 คน สมาชิกของพวกเขาถูกเรียกอีกอย่างว่าพลอัศวินเงา
หน่วยปฏิบัติการพิเศษนี้มีหน้าที่แก้ไขปัญหาที่พลพิทักษ์เสวียนฟางทั่วไปไม่สามารถรับมือได้","หน่วยปฏิบัติการพิเศษที่ก่อตั้งโดยหน่วยพิทักษ์เสวียนฟาง มีสมาชิก 3 คน สมาชิกของพวกเขาถูกเรียกอีกอย่างว่าพลอัศวินเงา
หน่วยปฏิบัติการพิเศษนี้มีหน้าที่แก้ไขปัญหาที่พลพิทักษ์เสวียนฟางทั่วไปไม่สามารถรับมือได้"
750047,พลอัศวินเงา,สมาชิกของไตรอัศวินเงาถูกเรียกอีกอย่างว่าพลอัศวินเงา,สมาชิกของไตรอัศวินเงาถูกเรียกอีกอย่างว่าพลอัศวินเงา
750048,กระทรวงกิจการภายนอก,"หน่วยงานที่ตั้งอยู่ในลานแกนวิถีกล มี ""หน่วยตรวจลำเลียง"" รับผิดชอบในการตรวจสอบวัสดุและสินค้าที่เข้าเมือง และมี ""หน่วยตระเวนแดน"" รับผิดชอบในการตรวจสอบตัวตนของผู้ที่เข้าเมืองและจัดการดูแลความปลอดภัยในพื้นที่","หน่วยงานที่ตั้งอยู่ในลานแกนวิถีกล มี ""หน่วยตรวจลำเลียง"" รับผิดชอบในการตรวจสอบวัสดุและสินค้าที่เข้าเมือง และมี ""หน่วยตระเวนแดน"" รับผิดชอบในการตรวจสอบตัวตนของผู้ที่เข้าเมืองและจัดการดูแลความปลอดภัยในพื้นที่"
750049,หน่วยพิทักษ์เสวียนฟาง,"ทหารรักษาเมืองที่สังกัดแดนเสวียนฟางถูกเรียกว่า ""หน่วยพิทักษ์เสวียนฟาง""","ทหารรักษาเมืองที่สังกัดแดนเสวียนฟางถูกเรียกว่า ""หน่วยพิทักษ์เสวียนฟาง"""
750050,โรงกลกลางนภา,"โรงงานกลไกที่ตั้งอยู่บนเทือกเขาฟางฉิงทางฝั่งตะวันตกของแดนเสวียนฟาง
""โรงกลกลางนภา"" ประกอบด้วย ""โรงกลพันลักษณ์"" โรงงานที่รับผิดชอบการผลิตหุ่นกล และ ""คุกหมื่นอสูร"" ที่ใช้สำหรับปราบปรามและกำจัดทาเซ็ตดิสคอร์ดอันทรงพลังโดยเฉพาะ โรงกลกลางนภาทำงานอย่างไม่หยุดหย่อนทั้งกลางวันและกลางคืน เพื่อส่งมอบกำลังเสริมและความช่วยเหลือให้แก่เมืองเสวียนฟางอย่างต่อเนื่อง","โรงงานกลไกที่ตั้งอยู่บนเทือกเขาฟางฉิงทางฝั่งตะวันตกของแดนเสวียนฟาง
""โรงกลกลางนภา"" ประกอบด้วย ""โรงกลพันลักษณ์"" โรงงานที่รับผิดชอบการผลิตหุ่นกล และ ""คุกหมื่นอสูร"" ที่ใช้สำหรับปราบปรามและกำจัดทาเซ็ตดิสคอร์ดอันทรงพลังโดยเฉพาะ โรงกลกลางนภาทำงานอย่างไม่หยุดหย่อนทั้งกลางวันและกลางคืน เพื่อส่งมอบกำลังเสริมและความช่วยเหลือให้แก่เมืองเสวียนฟางอย่างต่อเนื่อง"
750051,วิหคสานนภา,"หลังจากปักษานิลสวรรค์สูญพันธุ์ ผู้คนในแดนเสวียนฟางได้สร้างกลไกที่เรียกว่า ""วิหคสานนภา"" ขึ้นมาโดยเลียนแบบรูปร่างของมัน
ในอดีต ""วิหคสานนภา"" เหล่านี้ถูกใช้เป็นเครื่องมือสื่อสารในเขตแดนแทนปักษานิลสวรรค์
ปัจจุบันเนื่องจากมีการใช้เทอร์มินัลอย่างแพร่หลาย การส่งจดหมายด้วยวิหคสานนภาจึงไม่ใช่เครื่องมือสื่อสารหลักอีกต่อไป แต่กลายเป็นวิธีการส่งจดหมายในเชิงพิธีการแทน","หลังจากปักษานิลสวรรค์สูญพันธุ์ ผู้คนในแดนเสวียนฟางได้สร้างกลไกที่เรียกว่า ""วิหคสานนภา"" ขึ้นมาโดยเลียนแบบรูปร่างของมัน
ในอดีต ""วิหคสานนภา"" เหล่านี้ถูกใช้เป็นเครื่องมือสื่อสารในเขตแดนแทนปักษานิลสวรรค์
ปัจจุบันเนื่องจากมีการใช้เทอร์มินัลอย่างแพร่หลาย การส่งจดหมายด้วยวิหคสานนภาจึงไม่ใช่เครื่องมือสื่อสารหลักอีกต่อไป แต่กลายเป็นวิธีการส่งจดหมายในเชิงพิธีการแทน"
750052,เมืองเยวียน,"ก่อนที่จะสร้างเมืองเสวียนฟาง ""สำนักจั๋วจวิน"" และกระทรวงการพัฒนาได้ร่วมกันสร้างป้อมปราการกลไกที่เรียกว่า
""เมืองเยวียน"" เพื่อต่อต้านการบุกรุกจากทาเซ็ตดิสคอร์ดที่แพร่กระจายในทุ่งร้างนอร์ฟอลล์","ก่อนที่จะสร้างเมืองเสวียนฟาง ""สำนักจั๋วจวิน"" และกระทรวงการพัฒนาได้ร่วมกันสร้างป้อมปราการกลไกที่เรียกว่า
""เมืองเยวียน"" เพื่อต่อต้านการบุกรุกจากทาเซ็ตดิสคอร์ดที่แพร่กระจายในทุ่งร้างนอร์ฟอลล์"
750053,ศึกเหวเมฆา,"เพื่อหยุดยั้งทาเซ็ตดิสคอร์ดที่แพร่กระจายในทุ่งร้างนอร์ฟอลล์ ไม่ให้ลุกลามจากแดนเสวียนฟางไปยังภูมิภาคอื่นๆ ของหวงหลง ในปีนั้นได้เกิดศึกครั้งใหญ่ที่ไม่เคยปรากฏมาก่อนพร้อมกัน ณ หุบเขาแห่งวิญญาณและเมืองเยวียน
หลังจากเกิดยุทธการหุบเขาวิญญาณ จินโจวจึงถูกสถาปนาขึ้นมา
ส่วนสนามรบของเมืองเยวียนได้ถูกทำลายจนราบคาบ และเมืองเสวียนฟางก็ถูกสร้างขึ้นมาบนซากปรักหักพังนั้น","เพื่อหยุดยั้งทาเซ็ตดิสคอร์ดที่แพร่กระจายในทุ่งร้างนอร์ฟอลล์ ไม่ให้ลุกลามจากแดนเสวียนฟางไปยังภูมิภาคอื่นๆ ของหวงหลง ในปีนั้นได้เกิดศึกครั้งใหญ่ที่ไม่เคยปรากฏมาก่อนพร้อมกัน ณ หุบเขาแห่งวิญญาณและเมืองเยวียน
หลังจากเกิดยุทธการหุบเขาวิญญาณ จินโจวจึงถูกสถาปนาขึ้นมา
ส่วนสนามรบของเมืองเยวียนได้ถูกทำลายจนราบคาบ และเมืองเสวียนฟางก็ถูกสร้างขึ้นมาบนซากปรักหักพังนั้น"
750054,ปักษานิลสวรรค์,สิ่งมีชีวิตแห่งเสี้ยวความถี่ประเภทหนึ่งที่ดำรงอยู่ในแดนเสวียนฟาง สามารถนำพาพร้อมทั้งถ่ายทอดอารมณ์และคำพูดของผู้คนได้ ซึ่งได้สูญพันธุ์ที่แดนเสวียนฟางพร้อมกับศึกเหวเมฆาที่เกิดขึ้น เพื่อรำลึกถึงปักษานิลสวรรค์ เหล่าช่างฝีมือในแดนเสวียนฟางจึงเลียนแบบรูปร่างของมันและสร้างนกจักรกลที่เรียกว่าวิหคสานนภาขึ้นมา,สิ่งมีชีวิตแห่งเสี้ยวความถี่ประเภทหนึ่งที่ดำรงอยู่ในแดนเสวียนฟาง สามารถนำพาพร้อมทั้งถ่ายทอดอารมณ์และคำพูดของผู้คนได้ ซึ่งได้สูญพันธุ์ที่แดนเสวียนฟางพร้อมกับศึกเหวเมฆาที่เกิดขึ้น เพื่อรำลึกถึงปักษานิลสวรรค์ เหล่าช่างฝีมือในแดนเสวียนฟางจึงเลียนแบบรูปร่างของมันและสร้างนกจักรกลที่เรียกว่าวิหคสานนภาขึ้นมา
750055,กระแสพลัง,กระแสลมพิเศษที่ Yangyang สามารถรับรู้และตีความได้หลังจากปลุกพลังเรโซแนนซ์ในวัยเด็ก เธอสามารถถ่ายทอดข้อมูลต่างๆ ออกมาได้ รวมถึงเสียงและอารมณ์ความรู้สึกด้วย,กระแสลมพิเศษที่ Yangyang สามารถรับรู้และตีความได้หลังจากปลุกพลังเรโซแนนซ์ในวัยเด็ก เธอสามารถถ่ายทอดข้อมูลต่างๆ ออกมาได้ รวมถึงเสียงและอารมณ์ความรู้สึกด้วย
750056,ผู้สดับสุรเสียง,"คำเรียก Yangyang จากตัวตนลึกลับ ซึ่งหมายถึง ""ผู้สักการะเสียง""","คำเรียก Yangyang จากตัวตนลึกลับ ซึ่งหมายถึง ""ผู้สักการะเสียง"""
750057,สมาคมเซอองซ์,องค์กรอาชญากรรมที่เคยเคลื่อนไหวในจินโจว โดยใช้สโลแกนโฆษณาชวนเชื่อที่ทำให้ผู้คนมองเห็นครอบครัวที่เสียชีวิตไปแล้ว เพื่อดึงดูดสมาชิกจำนวนมากให้เข้าร่วม แต่ตอนนี้องค์กรนี้ได้ถูกทำลายลงภายใต้การแทรกแซงของคุณและ Yinlin,องค์กรอาชญากรรมที่เคยเคลื่อนไหวในจินโจว โดยใช้สโลแกนโฆษณาชวนเชื่อที่ทำให้ผู้คนมองเห็นครอบครัวที่เสียชีวิตไปแล้ว เพื่อดึงดูดสมาชิกจำนวนมากให้เข้าร่วม แต่ตอนนี้องค์กรนี้ได้ถูกทำลายลงภายใต้การแทรกแซงของคุณและ Yinlin
750058,ช่างทำตุ๊กตา,หัวหน้าสมาคมเซอองซ์ และเคยเป็นศิษย์ของบิดามารดาของ Yinlin ในอดีต,หัวหน้าสมาคมเซอองซ์ และเคยเป็นศิษย์ของบิดามารดาของ Yinlin ในอดีต
750059,ปริซึมแห่งชะตา,"ของแทนตัวที่ ""Hsin จิ้งจอกจันทรา"" สร้างขึ้นจากคลื่นความถี่ของตนเอง ซึ่งผนึกพลังบางส่วนของเซนติเนลเอาไว้","ของแทนตัวที่ ""Hsin จิ้งจอกจันทรา"" สร้างขึ้นจากคลื่นความถี่ของตนเอง ซึ่งผนึกพลังบางส่วนของเซนติเนลเอาไว้"
800001,บทเพลงทองคำ,สมาคมกวีที่เคยมีชื่อเสียงในรากูนน่า ประกอบไปด้วยสมาชิกสามคน ได้แก่ Faroll Selena และ Rimbaud พวกเขาประพันธ์เพลงสรรเสริญและบทกวีนับไม่ถ้วนเพื่อเชิดชูเซนติเนลและภาคี แต่กวีของบทเพลงทองคำกลับถูกภาคีกล่าวหาว่าลบหลู่เทพและถูกส่งขึ้นเรือผู้แสวงบุญ จากนั้นพวกเขาก็หายตัวไปอย่างไร้ร่องรอย และการกล่าวชื่อพวกเขาก็กลายเป็นเรื่องต้องห้ามในรากูนน่า,สมาคมกวีที่เคยมีชื่อเสียงในรากูนน่า ประกอบไปด้วยสมาชิกสามคน ได้แก่ Faroll Selena และ Rimbaud พวกเขาประพันธ์เพลงสรรเสริญและบทกวีนับไม่ถ้วนเพื่อเชิดชูเซนติเนลและภาคี แต่กวีของบทเพลงทองคำกลับถูกภาคีกล่าวหาว่าลบหลู่เทพและถูกส่งขึ้นเรือผู้แสวงบุญ จากนั้นพวกเขาก็หายตัวไปอย่างไร้ร่องรอย และการกล่าวชื่อพวกเขาก็กลายเป็นเรื่องต้องห้ามในรากูนน่า
800002,เค้กฉลองครบรอบ,"เค้กขนาดยักษ์ที่ทำขึ้นเพื่อเฉลิมฉลองครบรอบหนึ่งปีของการทดสอบเบต้าโซลาริสที่สอง ซึ่งยังเป็นศูนย์กลางการควบคุมของโลกเสมือนโซลาริสที่สอง ส่วนเหตุผลที่ศูนย์กลางการควบคุมต้องทำเป็นรูปเค้กนั้น ผู้ออกแบบหลัก Encore ได้ตอบไว้ว่าคำพูดนี้: ""วันเกิดต้องมีเค้กสิ! สุขสันต์วันครบรอบหนึ่งปี!""","เค้กขนาดยักษ์ที่ทำขึ้นเพื่อเฉลิมฉลองครบรอบหนึ่งปีของการทดสอบเบต้าโซลาริสที่สอง ซึ่งยังเป็นศูนย์กลางการควบคุมของโลกเสมือนโซลาริสที่สอง ส่วนเหตุผลที่ศูนย์กลางการควบคุมต้องทำเป็นรูปเค้กนั้น ผู้ออกแบบหลัก Encore ได้ตอบไว้ว่าคำพูดนี้: ""วันเกิดต้องมีเค้กสิ! สุขสันต์วันครบรอบหนึ่งปี!"""
800003,โซลาริสที่สอง,เกมจำลองเสมือนจริงที่พัฒนาโดยสมาคมผู้บุกเบิก แม้จะมีอุปสรรคมากมายในระหว่างการพัฒนา แต่ความเชื่อมั่นและการสนับสนุนของผู้พเนจรก็ช่วยให้มันพัฒนาอย่างต่อเนื่องไปสู่รูปแบบที่สมบูรณ์,เกมจำลองเสมือนจริงที่พัฒนาโดยสมาคมผู้บุกเบิก แม้จะมีอุปสรรคมากมายในระหว่างการพัฒนา แต่ความเชื่อมั่นและการสนับสนุนของผู้พเนจรก็ช่วยให้มันพัฒนาอย่างต่อเนื่องไปสู่รูปแบบที่สมบูรณ์
800004,ลูกบาศก์จิ๋ว,"ชื่อทางการคือ ""ลูกบาศก์จิ๋วเศษเสี้ยวความถี่"" เป็น NPC ปัญญาประดิษฐ์ที่สร้างขึ้นโดยโซลาริสที่สอง หลังจากที่ได้รับการเสริมพลังจากความสามารถของ Encore และการสนับสนุนการประมวลผลเล็กน้อยจากเธทิส โปรดทราบว่า: ลูกบาศก์จิ๋วเศษเสี้ยวความถี่เป็นเพียงเทคโนโลยีจำลองเชิงทดลอง ลูกบาศก์จิ๋วทุกตัวถูกสร้างขึ้นโดยโปรแกรมอัตโนมัติ และบุคลิกภาพและพฤติกรรมที่แสดงในเกมไม่สามารถใช้เป็นพื้นฐานในการสันนิษฐานเกี่ยวกับคุณธรรมส่วนบุคคลหรือความสัมพันธ์ทางสังคมได้","ชื่อทางการคือ ""ลูกบาศก์จิ๋วเศษเสี้ยวความถี่"" เป็น NPC ปัญญาประดิษฐ์ที่สร้างขึ้นโดยโซลาริสที่สอง หลังจากที่ได้รับการเสริมพลังจากความสามารถของ Encore และการสนับสนุนการประมวลผลเล็กน้อยจากเธทิส โปรดทราบว่า: ลูกบาศก์จิ๋วเศษเสี้ยวความถี่เป็นเพียงเทคโนโลยีจำลองเชิงทดลอง ลูกบาศก์จิ๋วทุกตัวถูกสร้างขึ้นโดยโปรแกรมอัตโนมัติ และบุคลิกภาพและพฤติกรรมที่แสดงในเกมไม่สามารถใช้เป็นพื้นฐานในการสันนิษฐานเกี่ยวกับคุณธรรมส่วนบุคคลหรือความสัมพันธ์ทางสังคมได้"
800005,กรมควบคุมวินัย,"หน่วยงานฝ่ายปฏิบัติของภาคีเร้นสมุทร ซึ่งแตกต่างจากหอสำนึกผิดที่รับผิดชอบในการจัดการกับผู้ที่ลบหลู่ Imperator เพื่อรักษาความเชื่อของรากูนน่า กรมควบคุมวินัยจะดูแลคดีในทางโลก ในขณะเดียวกัน กรมควบคุมวินัยยังมีหน้าที่ขับไล่ทาเซ็ตดิสคอร์ดและปกป้องพื้นที่รากูนน่า หน่วยงานบังคับใช้กฎหมายที่สังกัดกรมควบคุมวินัยจะเรียกว่า ""ผู้ควบคุมวินัย""","หน่วยงานฝ่ายปฏิบัติของภาคีเร้นสมุทร ซึ่งแตกต่างจากหอสำนึกผิดที่รับผิดชอบในการจัดการกับผู้ที่ลบหลู่ Imperator เพื่อรักษาความเชื่อของรากูนน่า กรมควบคุมวินัยจะดูแลคดีในทางโลก ในขณะเดียวกัน กรมควบคุมวินัยยังมีหน้าที่ขับไล่ทาเซ็ตดิสคอร์ดและปกป้องพื้นที่รากูนน่า หน่วยงานบังคับใช้กฎหมายที่สังกัดกรมควบคุมวินัยจะเรียกว่า ""ผู้ควบคุมวินัย"""
800006,มิติโซโนโร,"ในวัฒนธรรมของหวงหลง ผู้คนเรียกแดนมายาทั้งหลายที่ดูจริงและไม่จริงว่า ""มิติโซโนโร""","ในวัฒนธรรมของหวงหลง ผู้คนเรียกแดนมายาทั้งหลายที่ดูจริงและไม่จริงว่า ""มิติโซโนโร"""
800007,ช่องสัญญาณ,ช่องสัญญาณหมายถึงช่องทางการส่งสัญญาณ โซลาริสที่สองเคยเชื่อมต่อกับระบบเธทิสในระหว่างการจำลองชั่วคราว ดังนั้นระหว่างทั้งสองจึงเคยมีช่องสัญญาณอยู่,ช่องสัญญาณหมายถึงช่องทางการส่งสัญญาณ โซลาริสที่สองเคยเชื่อมต่อกับระบบเธทิสในระหว่างการจำลองชั่วคราว ดังนั้นระหว่างทั้งสองจึงเคยมีช่องสัญญาณอยู่
800008,สุนัขล่าวิญญาณ,"สุนัขล่าวิญญาณได้แก่ ""สุนัขล่าวิญญาณ"" เป็นกลุ่มทหารรับจ้างที่นำโดย Calcharo ในสหพันธรัฐใหม่","สุนัขล่าวิญญาณได้แก่ ""สุนัขล่าวิญญาณ"" เป็นกลุ่มทหารรับจ้างที่นำโดย Calcharo ในสหพันธรัฐใหม่"
800009,"""ตำนานกิ่งสุวรรณ""","""ตำนานกิ่งสุวรรณ"" คือบทกวีเล่าเรื่องยาวอันเก่าแก่ของรินาซิตา ซึ่งเป็นงานศิลปะที่เชื่อมโยงตำนานพื้นบ้านของแต่ละชนเผ่าเข้ากับการเผยแผ่ของเซนติเนล และได้บันทึกต้นกำเนิดของงานคาร์นิวัลไว้อย่างละเอียด","""ตำนานกิ่งสุวรรณ"" คือบทกวีเล่าเรื่องยาวอันเก่าแก่ของรินาซิตา ซึ่งเป็นงานศิลปะที่เชื่อมโยงตำนานพื้นบ้านของแต่ละชนเผ่าเข้ากับการเผยแผ่ของเซนติเนล และได้บันทึกต้นกำเนิดของงานคาร์นิวัลไว้อย่างละเอียด"
800010,สรวงสวรรค์อาลัย,ชายฝั่งที่นักกวีและนักดนตรีชาวรินาซิตานำเครื่องดนตรีปลดประจำการมาฝังไว้,ชายฝั่งที่นักกวีและนักดนตรีชาวรินาซิตานำเครื่องดนตรีปลดประจำการมาฝังไว้
800011,ดาวอาชาสวรรค์,"กลุ่มดาวที่สว่างไสวที่สุดในค่ำคืนฤดูใบไม้ร่วง และปกคลุมไปด้วยตำนานมากมาย หนึ่งในกวีของบทเพลงทองคำเคยเขียนไว้ว่า ""ฉันคือเหยี่ยวราตรีปีกเพลิงลุกโชน โผทะยานสู่ดาวอาชาสวรรค์ ผู้ที่ฉันขับร้องสรรเสริญ และผู้ที่ฉันได้เห็นรูปลักษณ์ที่แท้จริง"" เป็นภาพที่ทำให้นึกถึงเซนติเนลของรินาซิตา แต่ทำไมต้องโผทะยานเข้าไปหาและมองร่างที่แท้จริงของมันล่ะ? อาจเป็นไปได้ว่าบทกวีนี้พยายามจะสื่อสารอะไรบางอย่าง","กลุ่มดาวที่สว่างไสวที่สุดในค่ำคืนฤดูใบไม้ร่วง และปกคลุมไปด้วยตำนานมากมาย หนึ่งในกวีของบทเพลงทองคำเคยเขียนไว้ว่า ""ฉันคือเหยี่ยวราตรีปีกเพลิงลุกโชน โผทะยานสู่ดาวอาชาสวรรค์ ผู้ที่ฉันขับร้องสรรเสริญ และผู้ที่ฉันได้เห็นรูปลักษณ์ที่แท้จริง"" เป็นภาพที่ทำให้นึกถึงเซนติเนลของรินาซิตา แต่ทำไมต้องโผทะยานเข้าไปหาและมองร่างที่แท้จริงของมันล่ะ? อาจเป็นไปได้ว่าบทกวีนี้พยายามจะสื่อสารอะไรบางอย่าง"
800012,ท่วงทำนอง,โลกแห่งดนตรีเชื่อมโยงกับความถี่อย่างลึกซึ้ง ทุกสิ่งเกิดขึ้นจากความถี่ และด้วยเหตุนี้ทุกสิ่งจึงมีท่วงทำนองที่เป็นของตัวเอง พลังเรโซแนนซ์ของ Ciaccona สามารถรับรู้ท่วงทำนองเหล่านี้ได้ โดยการปรับแต่งใหม่ ท่วงทำนองเหล่านี้ในมือของเธอจะกลายเป็นมิติโซโนโร———พื้นที่ที่สามารถสืบทอดเรื่องราวและความทรงจำที่อยู่ในท่วงทำนองได้ ผู้ที่รับรู้ท่วงทำนองได้มากเท่าไร ข้อมูลที่สามารถสืบทอดก็จะยิ่งมากขึ้นเท่านั้น,โลกแห่งดนตรีเชื่อมโยงกับความถี่อย่างลึกซึ้ง ทุกสิ่งเกิดขึ้นจากความถี่ และด้วยเหตุนี้ทุกสิ่งจึงมีท่วงทำนองที่เป็นของตัวเอง พลังเรโซแนนซ์ของ Ciaccona สามารถรับรู้ท่วงทำนองเหล่านี้ได้ โดยการปรับแต่งใหม่ ท่วงทำนองเหล่านี้ในมือของเธอจะกลายเป็นมิติโซโนโร———พื้นที่ที่สามารถสืบทอดเรื่องราวและความทรงจำที่อยู่ในท่วงทำนองได้ ผู้ที่รับรู้ท่วงทำนองได้มากเท่าไร ข้อมูลที่สามารถสืบทอดก็จะยิ่งมากขึ้นเท่านั้น
850068,เรโซเนเตอร์โดยกำเนิด,เรโซเนเตอร์ที่มีพลังเรโซแนนซ์อยู่ในตัวมาตั้งแต่เกิด,เรโซเนเตอร์ที่มีพลังเรโซแนนซ์อยู่ในตัวมาตั้งแต่เกิด
850069,เรโซเนเตอร์กลายพันธุ์,เรโซเนเตอร์ถูกกระตุ้นด้วยเหตุการณ์สำคัญจนปลุกพลังเรโซแนนซ์ให้ตื่นขึ้น,เรโซเนเตอร์ถูกกระตุ้นด้วยเหตุการณ์สำคัญจนปลุกพลังเรโซแนนซ์ให้ตื่นขึ้น
850070,เรโซเนเตอร์โดยธรรมชาติ,เรโซเนเตอร์ที่มีพลังเรโซแนนซ์ จากการสั่งสมประสบการณ์ ความสามารถ,เรโซเนเตอร์ที่มีพลังเรโซแนนซ์ จากการสั่งสมประสบการณ์ ความสามารถ
850071,เรโซเนเตอร์พลังแฝง,เรโซเนเตอร์ที่พลังเรโซแนนซ์ซึ่งแฝงอยู่ในตัวตื่นขึ้นก่อนเวลาอันควรผ่านการกระตุ้นที่สร้างขึ้นและควบคุมโดยมนุษย์,เรโซเนเตอร์ที่พลังเรโซแนนซ์ซึ่งแฝงอยู่ในตัวตื่นขึ้นก่อนเวลาอันควรผ่านการกระตุ้นที่สร้างขึ้นและควบคุมโดยมนุษย์
850072,สัญลักษณ์ทาเซ็ต,"เครื่องหมายที่พบได้ทั้งบนผิวของเรโซเนเตอร์และพื้นสนามทาเซ็ต
สำหรับเรโซเนเตอร์ เครื่องหมายเหล่านี้ทำหน้าที่เป็นสื่อกลางสำหรับพลังเรโซแนนซ์ของแต่ละคน เป็นสัญลักษณ์ของการเกิดใหม่หลังจากตื่นขึ้น
ในสนามทาเซ็ต เครื่องหมายนี้จะกลายเป็นจุดศูนย์รวมพลังแห่งความโกลาหล ก่อให้เกิดเรโซแนนซ์คอร์ดสีขาวที่ให้กำเนิดทาเซ็ตดิสคอร์ดตัวแล้วตัวเล่าบนโลกนี้","เครื่องหมายที่พบได้ทั้งบนผิวของเรโซเนเตอร์และพื้นสนามทาเซ็ต
สำหรับเรโซเนเตอร์ เครื่องหมายเหล่านี้ทำหน้าที่เป็นสื่อกลางสำหรับพลังเรโซแนนซ์ของแต่ละคน เป็นสัญลักษณ์ของการเกิดใหม่หลังจากตื่นขึ้น
ในสนามทาเซ็ต เครื่องหมายนี้จะกลายเป็นจุดศูนย์รวมพลังแห่งความโกลาหล ก่อให้เกิดเรโซแนนซ์คอร์ดสีขาวที่ให้กำเนิดทาเซ็ตดิสคอร์ดตัวแล้วตัวเล่าบนโลกนี้"
850073,โอเวอร์คล็อก,"การใช้พลังมากเกินควรหรือความหมกมุ่นเกินกว่าที่จิตใจและพลังเรโซแนนซ์ของเรโซเนเตอร์จะรับไหว นำไปสู่สภาวะโอเวอร์คล็อก
แม้ว่าโอเวอร์คล็อกจะสามารถควบคุมได้ แต่ก็ยังไม่มีวิธีรักษาให้หายขาด","การใช้พลังมากเกินควรหรือความหมกมุ่นเกินกว่าที่จิตใจและพลังเรโซแนนซ์ของเรโซเนเตอร์จะรับไหว นำไปสู่สภาวะโอเวอร์คล็อก
แม้ว่าโอเวอร์คล็อกจะสามารถควบคุมได้ แต่ก็ยังไม่มีวิธีรักษาให้หายขาด"
850074,เธรโนเดียน,เธรโนเดียนคือสิ่งมีชีวิตอันน่าสะพรึงกลัวที่เกิดจากอาดูรการณ์ มีพลังทำลายจิตใจของมนุษย์และกัดกินปณิธานที่พังทลาย หากอารยธรรมคือปณิธานที่มนุษยชาติมีร่วมกัน เธรโนเดียนก็เปรียบเสมือนความกลัวและความยากลำบากของเรา เธรโนเดียนจะปรากฏขึ้นเมื่อเกิดภัยพิบัติทาเซ็ตดิสคอร์ดทำลายล้างทั่วโลก,เธรโนเดียนคือสิ่งมีชีวิตอันน่าสะพรึงกลัวที่เกิดจากอาดูรการณ์ มีพลังทำลายจิตใจของมนุษย์และกัดกินปณิธานที่พังทลาย หากอารยธรรมคือปณิธานที่มนุษยชาติมีร่วมกัน เธรโนเดียนก็เปรียบเสมือนความกลัวและความยากลำบากของเรา เธรโนเดียนจะปรากฏขึ้นเมื่อเกิดภัยพิบัติทาเซ็ตดิสคอร์ดทำลายล้างทั่วโลก
850075,อาดูรการณ์,"คำว่า ""อาดูรการณ์"" หมายถึงภัยพิบัติที่เกิดขึ้นบนโซลาริส-3
ตั้งแต่อาดูรการณ์เริ่มต้นขึ้น วัฏจักรแห่งการทำลายล้างก็หมุนวนไปไม่หยุดยั้ง
ระลอกคลื่นแห่งการล้างผลาญยังคงโหมกระหน่ำโดยไม่มีวี่แววว่าจะหยุดลง","คำว่า ""อาดูรการณ์"" หมายถึงภัยพิบัติที่เกิดขึ้นบนโซลาริส-3
ตั้งแต่อาดูรการณ์เริ่มต้นขึ้น วัฏจักรแห่งการทำลายล้างก็หมุนวนไปไม่หยุดยั้ง
ระลอกคลื่นแห่งการล้างผลาญยังคงโหมกระหน่ำโดยไม่มีวี่แววว่าจะหยุดลง"
850076,เศษเสี้ยวความถี่,รูปแบบพลังงานบริสุทธิ์ที่มีความถี่สมบูรณ์ ข้อมูลที่อยู่ข้างในอยู่เหนือกาลเวลาและอวกาศ คงอยู่ในสภาวะที่มั่นคงไม่เปลี่ยนแปลง,รูปแบบพลังงานบริสุทธิ์ที่มีความถี่สมบูรณ์ ข้อมูลที่อยู่ข้างในอยู่เหนือกาลเวลาและอวกาศ คงอยู่ในสภาวะที่มั่นคงไม่เปลี่ยนแปลง
850077,มิติโซโนโร,"ช่องว่างข้ามมิติที่อุดมไปด้วยเศษเสี้ยวความถี่จะเรียกว่า ""มิติโซโนโร""","ช่องว่างข้ามมิติที่อุดมไปด้วยเศษเสี้ยวความถี่จะเรียกว่า ""มิติโซโนโร"""
850078,สนามทาเซ็ต,"ว่ากันว่า ""สนามทาเซ็ต"" คือที่ซึ่งทาเซ็ตดิสคอร์ดทั้งหมดถือกำเนิดขึ้น มีทะเลกลับหัวอยู่บนฟ้าและสัญลักษณ์ทาเซ็ตรูปไม้กางเขนประทับลึกอยู่บนผืนดิน ในอากาศเต็มไปด้วยเสียงกังวาน เชื่อมโยงโลกของเรากับมิติที่ไม่มีใครรู้จักผ่านเรโซแนนซ์คอร์ดสีขาว พื้นที่นี้จะดึงดูดทาเซ็ตดิสคอร์ดทั้งหลายมารวมตัวกัน","ว่ากันว่า ""สนามทาเซ็ต"" คือที่ซึ่งทาเซ็ตดิสคอร์ดทั้งหมดถือกำเนิดขึ้น มีทะเลกลับหัวอยู่บนฟ้าและสัญลักษณ์ทาเซ็ตรูปไม้กางเขนประทับลึกอยู่บนผืนดิน ในอากาศเต็มไปด้วยเสียงกังวาน เชื่อมโยงโลกของเรากับมิติที่ไม่มีใครรู้จักผ่านเรโซแนนซ์คอร์ดสีขาว พื้นที่นี้จะดึงดูดทาเซ็ตดิสคอร์ดทั้งหลายมารวมตัวกัน"
850079,โซลาริส,SOL-3 เป็นดาวเคราะห์ดวงที่ 3 จากดวงอาทิตย์ โลกแห่งความโกลาหลและความผันแปร ที่ซึ่งวิถีดั้งเดิมแต่กาลก่อนถูกละทิ้งและมากด้วยภัยพิบัติ อารยธรรมมนุษย์ต้องดิ้นรนเพื่ออยู่รอดในยุคสมัยใหม่แห่งการทำลายล้างและเกิดใหม่นี้ เผชิญกับอุปสรรคที่ไม่มีใครเคยพบเจอด้วยหัวใจที่แน่วแน่ไม่หวั่นไหว,SOL-3 เป็นดาวเคราะห์ดวงที่ 3 จากดวงอาทิตย์ โลกแห่งความโกลาหลและความผันแปร ที่ซึ่งวิถีดั้งเดิมแต่กาลก่อนถูกละทิ้งและมากด้วยภัยพิบัติ อารยธรรมมนุษย์ต้องดิ้นรนเพื่ออยู่รอดในยุคสมัยใหม่แห่งการทำลายล้างและเกิดใหม่นี้ เผชิญกับอุปสรรคที่ไม่มีใครเคยพบเจอด้วยหัวใจที่แน่วแน่ไม่หวั่นไหว
850080,คลื่นกัดกร่อน,"พลังของอาดูรการณ์ก่อให้เกิดคลื่นทำลายล้างทั่วแผ่นดินโซลาริส การสำแดงตัวตนอย่าง ""สนามทาเซ็ต"" ""การแพร่กระจายของทาเซ็ตดิสคอร์ด"" และ ""ทาเซไทต์"" ลึกลับ เป็นส่วนหนึ่งของสิ่งที่เรียกรวมกันว่า ""คลื่นกัดกร่อน""","พลังของอาดูรการณ์ก่อให้เกิดคลื่นทำลายล้างทั่วแผ่นดินโซลาริส การสำแดงตัวตนอย่าง ""สนามทาเซ็ต"" ""การแพร่กระจายของทาเซ็ตดิสคอร์ด"" และ ""ทาเซไทต์"" ลึกลับ เป็นส่วนหนึ่งของสิ่งที่เรียกรวมกันว่า ""คลื่นกัดกร่อน"""
850081,ทาเซ็ตดิสคอร์ด,"ทาเซ็ตดิสคอร์ดถูกสร้างขึ้นโดยคลื่นกัดกร่อน มี ""แกนทาเซ็ต"" อยู่ในตัว เป็นสิ่งมีชีวิตอันตรายที่มีรูปร่างสัณฐานไม่แน่นอน แปรเปลี่ยนไปเรื่อยๆ กัดกินความถี่อื่นๆ เป็นอาหารเพื่อรักษาความเสถียรและวิวัฒนาการ สิ่งมีชีวิตเหล่านี้จะเลียนแบบความสามารถ รูปร่าง และพฤติกรรมของเหยื่อ โดยได้รับอิทธิพลจากประเภทของความถี่ที่กินเข้าไป","ทาเซ็ตดิสคอร์ดถูกสร้างขึ้นโดยคลื่นกัดกร่อน มี ""แกนทาเซ็ต"" อยู่ในตัว เป็นสิ่งมีชีวิตอันตรายที่มีรูปร่างสัณฐานไม่แน่นอน แปรเปลี่ยนไปเรื่อยๆ กัดกินความถี่อื่นๆ เป็นอาหารเพื่อรักษาความเสถียรและวิวัฒนาการ สิ่งมีชีวิตเหล่านี้จะเลียนแบบความสามารถ รูปร่าง และพฤติกรรมของเหยื่อ โดยได้รับอิทธิพลจากประเภทของความถี่ที่กินเข้าไป"
850082,เอคโค่,"ความถี่พิเศษประเภทหนึ่งที่สามารถจับได้ด้วยเทอร์มินัลเพื่อนำความสามารถของทาเซ็ตดิสคอร์ดมาสร้างขึ้นใหม่
เมื่อทาเซ็ตดิสคอร์ดถูกกำจัด อาจทิ้ง ""เสียงกังวาน"" ไว้ให้ซึ่งสามารถเปลี่ยนเป็น ""เอคโค่"" ได้ผ่านทางคลังข้อมูลของเทอร์มินัล เพื่อนำมาใช้ประโยชน์ในการต่อสู้","ความถี่พิเศษประเภทหนึ่งที่สามารถจับได้ด้วยเทอร์มินัลเพื่อนำความสามารถของทาเซ็ตดิสคอร์ดมาสร้างขึ้นใหม่
เมื่อทาเซ็ตดิสคอร์ดถูกกำจัด อาจทิ้ง ""เสียงกังวาน"" ไว้ให้ซึ่งสามารถเปลี่ยนเป็น ""เอคโค่"" ได้ผ่านทางคลังข้อมูลของเทอร์มินัล เพื่อนำมาใช้ประโยชน์ในการต่อสู้"
850083,เซนติเนล,ดินแดนใดมีอารยธรรมและประวัติศาสตร์ ดินแดนนั้นย่อมมีเซนติเนลทำหน้าที่เป็นผู้พิทักษ์และผู้กำกับมนุษยชาติ ดำรงอยู่เป็นอมตะเพื่อช่วยให้มนุษย์ผ่านพ้นปัญหานานัปการด้วยการมอบปัญญาและคำพยากรณ์ เมื่อมนุษยชาติก้าวสู่เส้นทางใหม่หลังจากอดทนกับอาดูรการณ์มาเนิ่นนาน เซนติเนลยังคงทำหน้าที่เป็นผู้จารจารึกและดวงไฟนำทางในยามที่เกิดภัยพิบัติ,ดินแดนใดมีอารยธรรมและประวัติศาสตร์ ดินแดนนั้นย่อมมีเซนติเนลทำหน้าที่เป็นผู้พิทักษ์และผู้กำกับมนุษยชาติ ดำรงอยู่เป็นอมตะเพื่อช่วยให้มนุษย์ผ่านพ้นปัญหานานัปการด้วยการมอบปัญญาและคำพยากรณ์ เมื่อมนุษยชาติก้าวสู่เส้นทางใหม่หลังจากอดทนกับอาดูรการณ์มาเนิ่นนาน เซนติเนลยังคงทำหน้าที่เป็นผู้จารจารึกและดวงไฟนำทางในยามที่เกิดภัยพิบัติ
850084,เจ้าเมือง,เจ้าเมืองคือเจ้าหน้าที่ฝ่ายปกครองผู้ดูแลหนึ่งในดินแดนสำคัญของหวงหลง,เจ้าเมืองคือเจ้าหน้าที่ฝ่ายปกครองผู้ดูแลหนึ่งในดินแดนสำคัญของหวงหลง
850085,กระทรวงการพัฒนา,"กระทรวงการพัฒนาทำหน้าที่เป็นหน่วยงานวิศวกรรมและก่อสร้างของสำนักงานกลางกิจการรัฐ
ประกอบด้วยหน่วยงานหลัก 3 กอง ได้แก่ กองสรรพาวุธและกองป้องกันซึ่งรับผิดชอบงานด้านการทหารทั้งหมด และกองโครงสร้างพื้นฐานซึ่งรับผิดชอบงานสาธารณะและโครงการก่อสร้าง","กระทรวงการพัฒนาทำหน้าที่เป็นหน่วยงานวิศวกรรมและก่อสร้างของสำนักงานกลางกิจการรัฐ
ประกอบด้วยหน่วยงานหลัก 3 กอง ได้แก่ กองสรรพาวุธและกองป้องกันซึ่งรับผิดชอบงานด้านการทหารทั้งหมด และกองโครงสร้างพื้นฐานซึ่งรับผิดชอบงานสาธารณะและโครงการก่อสร้าง"
850086,มิดไนท์เรนเจอร์,มิดไนท์เรนเจอร์คือกองทหารภายใต้กระทรวงการสงครามของจินโจว มีนายพล Jiyan เป็นผู้บัญชาการ แบ่งออกเป็น 3 กอง ได้แก่ เอาท์ไรเดอร์ (หน่วยสอดแนม) หน่วยทะลวงคลื่น (หน่วยจู่โจม) และหน่วยพิทักษ์คลื่น (หน่วยป้องกัน),มิดไนท์เรนเจอร์คือกองทหารภายใต้กระทรวงการสงครามของจินโจว มีนายพล Jiyan เป็นผู้บัญชาการ แบ่งออกเป็น 3 กอง ได้แก่ เอาท์ไรเดอร์ (หน่วยสอดแนม) หน่วยทะลวงคลื่น (หน่วยจู่โจม) และหน่วยพิทักษ์คลื่น (หน่วยป้องกัน)
850087,เจ้าหน้าที่ลาดตระเวน,เจ้าหน้าที่สำนักความมั่นคงที่มีหน้าที่จัดการปัญหาด้านการรักษาความปลอดภัยในเขตอำนาจของตัวเอง,เจ้าหน้าที่สำนักความมั่นคงที่มีหน้าที่จัดการปัญหาด้านการรักษาความปลอดภัยในเขตอำนาจของตัวเอง
850088,สำนักความมั่นคง,"ฝ่ายบังคับใช้กฎหมายในท้องถิ่นของคณะตุลาการ ดำเนินงานผ่านสถานีลาดตระเวนเพื่อรักษากฎหมายและจัดการปัญหาด้านความมั่นคงสาธารณะ เจ้าหน้าที่ของสำนักงานนี้เรียกว่า ""เจ้าหน้าที่ลาดตระเวน""","ฝ่ายบังคับใช้กฎหมายในท้องถิ่นของคณะตุลาการ ดำเนินงานผ่านสถานีลาดตระเวนเพื่อรักษากฎหมายและจัดการปัญหาด้านความมั่นคงสาธารณะ เจ้าหน้าที่ของสำนักงานนี้เรียกว่า ""เจ้าหน้าที่ลาดตระเวน"""
850089,สถานีลาดตระเวน,หน่วยบังคับใช้กฎหมายในท้องถิ่นของสำนักความมั่นคงที่ดูแลการปฏิบัติงานด้านการรักษาความปลอดภัยทั่วไปและรักษาความสงบเรียบร้อยในสังคม,หน่วยบังคับใช้กฎหมายในท้องถิ่นของสำนักความมั่นคงที่ดูแลการปฏิบัติงานด้านการรักษาความปลอดภัยทั่วไปและรักษาความสงบเรียบร้อยในสังคม
850090,ลอลโล่โลจิสติกส์,"ลอลโล่โลจิสติกส์คือบริษัทโลจิสติกส์ที่ได้รับความเชื่อถือ ให้บริการจัดส่งทั้งสิ่งที่จับต้องได้และจับต้องไม่ได้
ไม่ว่าจะเป็นการส่งคำหวานให้ผู้เป็นที่รักหรือเสาะหาความทรงจำที่หายไป ขอเพียงสั่งมาและเป็นสิ่งที่จัดส่งได้ ลอลโล่โลจิสติกส์จะทำให้ด้วยความใส่ใจ","ลอลโล่โลจิสติกส์คือบริษัทโลจิสติกส์ที่ได้รับความเชื่อถือ ให้บริการจัดส่งทั้งสิ่งที่จับต้องได้และจับต้องไม่ได้
ไม่ว่าจะเป็นการส่งคำหวานให้ผู้เป็นที่รักหรือเสาะหาความทรงจำที่หายไป ขอเพียงสั่งมาและเป็นสิ่งที่จัดส่งได้ ลอลโล่โลจิสติกส์จะทำให้ด้วยความใส่ใจ"
850091,จินโจว,จินโจว เมืองป้อมปราการที่ชายแดน คอยยืนหยัดป้องกันวิกฤตทาเซ็ตดิสคอร์ดที่กำลังคืบคลานเข้ามา เนื่องจากเป็น 1 ใน 6 ดินแดนสำคัญของหวงหลง จินโจวแบกรับความรับผิดชอบในฐานะเมืองหลวงท้องถิ่นที่ใหม่ที่สุด มิดไนท์เรนเจอร์ป้องกันแนวพรมแดนทางเหนืออย่างแข็งขัน,จินโจว เมืองป้อมปราการที่ชายแดน คอยยืนหยัดป้องกันวิกฤตทาเซ็ตดิสคอร์ดที่กำลังคืบคลานเข้ามา เนื่องจากเป็น 1 ใน 6 ดินแดนสำคัญของหวงหลง จินโจวแบกรับความรับผิดชอบในฐานะเมืองหลวงท้องถิ่นที่ใหม่ที่สุด มิดไนท์เรนเจอร์ป้องกันแนวพรมแดนทางเหนืออย่างแข็งขัน
850092,สถาบันหัวซวี,สถาบันวิจัยทางการของหวงหลง ซึ่งมีสาขาตั้งอยู่ในทุกเมือง,สถาบันวิจัยทางการของหวงหลง ซึ่งมีสาขาตั้งอยู่ในทุกเมือง
850093,หวงหลง,ประเทศที่ตั้งอยู่ที่สุดขอบของทวีป เขตแดนติดทะเลทางทิศตะวันออก มีอาณาเขตกว้างใหญ่ ประกอบด้วยเมืองหลวง 1 เมืองและเมืองใหญ่อีก 6 เมือง,ประเทศที่ตั้งอยู่ที่สุดขอบของทวีป เขตแดนติดทะเลทางทิศตะวันออก มีอาณาเขตกว้างใหญ่ ประกอบด้วยเมืองหลวง 1 เมืองและเมืองใหญ่อีก 6 เมือง
850094,Fisalia,Fisalia เป็นตระกูลลึกลับที่อยู่มายาวนานที่สุดในรากูนน่า ขึ้นชื่อว่ามีความเชี่ยวชาญด้านการผสมยาและยาพิษ ประชาชนต่างก็รู้กันว่าตระกูลนี้มีศรัทธามั่นคงในเซนติเนล,Fisalia เป็นตระกูลลึกลับที่อยู่มายาวนานที่สุดในรากูนน่า ขึ้นชื่อว่ามีความเชี่ยวชาญด้านการผสมยาและยาพิษ ประชาชนต่างก็รู้กันว่าตระกูลนี้มีศรัทธามั่นคงในเซนติเนล
850095,ปราสาทปอร์โต-เวโน,"ปราสาทปอร์โต-เวโนตั้งอยู่บนขอบผาในเทสซาลีโอล่มสลาย เป็นที่พักอันสูงส่งและลึกลับของตระกูล Fisalia
ในบรรดาทรัพย์สมบัติที่ตระกูล Fisalia ครอบครองอยู่ทั่วรินาซิตา ปราสาทขอบผาอันโอ่อ่าแห่งนี้ถือว่าพิเศษที่สุด และเป็นที่พักของหัวหน้าตระกูล Fisalia คนปัจจุบัน","ปราสาทปอร์โต-เวโนตั้งอยู่บนขอบผาในเทสซาลีโอล่มสลาย เป็นที่พักอันสูงส่งและลึกลับของตระกูล Fisalia
ในบรรดาทรัพย์สมบัติที่ตระกูล Fisalia ครอบครองอยู่ทั่วรินาซิตา ปราสาทขอบผาอันโอ่อ่าแห่งนี้ถือว่าพิเศษที่สุด และเป็นที่พักของหัวหน้าตระกูล Fisalia คนปัจจุบัน"
850096,รินาซิตา,"ประเทศแห่งนครรัฐอิสระที่กระจายตัวอยู่ทั่วหมู่เกาะอันกว้างใหญ่ ไม่มีศูนย์กลางการปกครองส่วนกลาง เป็นที่รู้จักในนาม ""ดินแดนแห่งเอคโค่"" ซึ่งมีภูมิทัศน์ทางธรรมชาติและวัฒนธรรมอันเป็นเอกลักษณ์
ตำนานเล่าขานถึงการที่ผู้ก่อตั้งรินาซิตาต้องหลบหนีจากบ้านเกิดเมืองนอนและล่องเรือมายังหมู่เกาะเหล่านี้เพื่อหลบหนีจากอาดูรการณ์","ประเทศแห่งนครรัฐอิสระที่กระจายตัวอยู่ทั่วหมู่เกาะอันกว้างใหญ่ ไม่มีศูนย์กลางการปกครองส่วนกลาง เป็นที่รู้จักในนาม ""ดินแดนแห่งเอคโค่"" ซึ่งมีภูมิทัศน์ทางธรรมชาติและวัฒนธรรมอันเป็นเอกลักษณ์
ตำนานเล่าขานถึงการที่ผู้ก่อตั้งรินาซิตาต้องหลบหนีจากบ้านเกิดเมืองนอนและล่องเรือมายังหมู่เกาะเหล่านี้เพื่อหลบหนีจากอาดูรการณ์"
850097,รากูนน่า,"รากูนน่าเป็นหนึ่งในนครรัฐในรินาซิตา เป็นเมืองท่าที่เจริญรุ่งเรืองบนขอบทะเลโดยมีเขตต่างๆ เชื่อมต่อกันด้วยทางน้ำที่คดเคี้ยว
ชาวรากูนน่าเป็นสาวกที่ศรัทธาเซนติเนลอย่างแรงกล้า เชื่อว่าเอคโค่ทั่วไปเป็นของขวัญจากเซนติเนลที่รับเอาประสงค์อันศักดิ์สิทธิ์ของท่านมาด้วย","รากูนน่าเป็นหนึ่งในนครรัฐในรินาซิตา เป็นเมืองท่าที่เจริญรุ่งเรืองบนขอบทะเลโดยมีเขตต่างๆ เชื่อมต่อกันด้วยทางน้ำที่คดเคี้ยว
ชาวรากูนน่าเป็นสาวกที่ศรัทธาเซนติเนลอย่างแรงกล้า เชื่อว่าเอคโค่ทั่วไปเป็นของขวัญจากเซนติเนลที่รับเอาประสงค์อันศักดิ์สิทธิ์ของท่านมาด้วย"
850098,มหาวิหารแห่งเมอร์คิวรี,"สถาปัตยกรรมอันศักดิ์สิทธิ์สองชั้นในเมืองรากูนน่า สร้างขึ้นเพื่อการบูชารูปปั้นของเซนติเนล ทั้งหมดนี้เรียกว่า ""มหาวิหารแห่งเมอร์คิวรี""","สถาปัตยกรรมอันศักดิ์สิทธิ์สองชั้นในเมืองรากูนน่า สร้างขึ้นเพื่อการบูชารูปปั้นของเซนติเนล ทั้งหมดนี้เรียกว่า ""มหาวิหารแห่งเมอร์คิวรี"""
850099,ภาคีเร้นสมุทร,"ผู้ปกครองรากูนน่าในทางปฏิบัติที่บริหารจัดการทุกอย่างในเมือง ตั้งแต่นโยบายของเมืองและสกุลเงินไปจนถึงความขัดแย้งระหว่างพลเมือง
ผู้นำภาคีที่เรียกว่า ""อัครสังฆราช"" คนปัจจุบันคือ Fenrico ผู้อ้างตัวว่าเป็น ""ผู้รู้แจ้ง"" หรือก็คือเรโซเนเตอร์ของเซนติเนล Imperator แห่งรินาซิตา
ตามประเพณีของเมือง นักบวชในภาคีจะทำหน้าที่เป็นทูตระหว่างเซนติเนลกับมนุษย์ ชี้นำผู้คนด้วยวจนะอันศักดิ์สิทธิ์","ผู้ปกครองรากูนน่าในทางปฏิบัติที่บริหารจัดการทุกอย่างในเมือง ตั้งแต่นโยบายของเมืองและสกุลเงินไปจนถึงความขัดแย้งระหว่างพลเมือง
ผู้นำภาคีที่เรียกว่า ""อัครสังฆราช"" คนปัจจุบันคือ Fenrico ผู้อ้างตัวว่าเป็น ""ผู้รู้แจ้ง"" หรือก็คือเรโซเนเตอร์ของเซนติเนล Imperator แห่งรินาซิตา
ตามประเพณีของเมือง นักบวชในภาคีจะทำหน้าที่เป็นทูตระหว่างเซนติเนลกับมนุษย์ ชี้นำผู้คนด้วยวจนะอันศักดิ์สิทธิ์"
850100,นักบวช,ผู้เปี่ยมไปด้วยศรัทธาซึ่งอุทิศตนให้แก่ภาคีเร้นสมุทร,ผู้เปี่ยมไปด้วยศรัทธาซึ่งอุทิศตนให้แก่ภาคีเร้นสมุทร
850101,Montelli,"หนึ่งในตระกูลที่ทรงอิทธิพลที่สุดในรากูนน่า ขึ้นชื่อเรื่องความเป็นนักบุกเบิก
ตระกูล Montelli มีบทบาทสำคัญในการสำรวจเส้นทางการค้าที่ไม่เพียงแต่เชื่อมรากูนน่าเท่านั้น แต่ยังรวมถึงทั้งรินาซิตากับโลกกว้าง เมื่อเมืองเปิดประตูการค้า ชาว Montelli จึงขึ้นมาเรืองอำนาจ สร้างความมั่งคั่งมหาศาลและอิทธิพลที่ไม่มีใครเทียบได้","หนึ่งในตระกูลที่ทรงอิทธิพลที่สุดในรากูนน่า ขึ้นชื่อเรื่องความเป็นนักบุกเบิก
ตระกูล Montelli มีบทบาทสำคัญในการสำรวจเส้นทางการค้าที่ไม่เพียงแต่เชื่อมรากูนน่าเท่านั้น แต่ยังรวมถึงทั้งรินาซิตากับโลกกว้าง เมื่อเมืองเปิดประตูการค้า ชาว Montelli จึงขึ้นมาเรืองอำนาจ สร้างความมั่งคั่งมหาศาลและอิทธิพลที่ไม่มีใครเทียบได้"
850102,งานคาร์นิวัล,"งานคาร์นิวัลคืองานฉลองที่ยิ่งใหญ่ที่สุดในรากูนน่า เป็นช่วงเวลาที่มีงานเลี้ยงสวมหน้ากากไม่รู้จบ เหล้าองุ่นหลั่งไหลดั่งสายน้ำ และดนตรีดังกังวานตลอดทั้งคืน
ในช่วงเวลานี้ ผู้คนจะวางภาระทางโลกอันหนักอึ้งแล้วปล่อยตัวปล่อยใจไปกับความหฤหรรษ์ของงานเทศกาล","งานคาร์นิวัลคืองานฉลองที่ยิ่งใหญ่ที่สุดในรากูนน่า เป็นช่วงเวลาที่มีงานเลี้ยงสวมหน้ากากไม่รู้จบ เหล้าองุ่นหลั่งไหลดั่งสายน้ำ และดนตรีดังกังวานตลอดทั้งคืน
ในช่วงเวลานี้ ผู้คนจะวางภาระทางโลกอันหนักอึ้งแล้วปล่อยตัวปล่อยใจไปกับความหฤหรรษ์ของงานเทศกาล"
850103,รางวัลลอเรล,"ณ ช่วงเวลาที่สำคัญที่สุดของงานคาร์นิวัล ว่ากันว่าเซนติเนลจะสำแดงตนและมอบ ""รางวัลลอเรล"" ให้นักแสดงที่ฝีมือดีที่สุด
ผู้ได้รับเกียรตินี้จะมีสิทธิพิเศษในการพูดคุยและรับถ่ายทอดปัญญาจากเซนติเนล","ณ ช่วงเวลาที่สำคัญที่สุดของงานคาร์นิวัล ว่ากันว่าเซนติเนลจะสำแดงตนและมอบ ""รางวัลลอเรล"" ให้นักแสดงที่ฝีมือดีที่สุด
ผู้ได้รับเกียรตินี้จะมีสิทธิพิเศษในการพูดคุยและรับถ่ายทอดปัญญาจากเซนติเนล"
850104,เหรียญเชลล์,"สกุลเงินทั่วไปที่ออกโดยหวงหลง ได้รับการยอมรับอย่างเป็นทางการในหลายดินแดน
ในสมัยโบราณกาล บรรพบุรุษของชาวหวงหลงใช้เปลือกหอยแทนสกุลเงิน แม้เทคนิคการผลิตจะพัฒนาไปตามกาลเวลา แต่สกุลเงินนี้ยังคงลักษณะที่ละม้ายคล้ายเปลือกหอยเอาไว้","สกุลเงินทั่วไปที่ออกโดยหวงหลง ได้รับการยอมรับอย่างเป็นทางการในหลายดินแดน
ในสมัยโบราณกาล บรรพบุรุษของชาวหวงหลงใช้เปลือกหอยแทนสกุลเงิน แม้เทคนิคการผลิตจะพัฒนาไปตามกาลเวลา แต่สกุลเงินนี้ยังคงลักษณะที่ละม้ายคล้ายเปลือกหอยเอาไว้"
850105,Imperator,เซนติเนลแห่งรินาซิตา แม้ว่าภาคีเร้นสมุทรจะบูชาดั่งเทพเจ้า แต่ Imperator ก็แทบจะไม่ปรากฏตัวต่อสาธารณชนเลย,เซนติเนลแห่งรินาซิตา แม้ว่าภาคีเร้นสมุทรจะบูชาดั่งเทพเจ้า แต่ Imperator ก็แทบจะไม่ปรากฏตัวต่อสาธารณชนเลย
850106,Cetus the Tidebreaker,ทาเซ็ตดิสคอร์ดหน้าตาคล้ายวาฬขนาดมหึมา แม้จะมีนิสัยรักสงบ แต่ขนาดอันมโหฬารของวาฬทลายคลื่นก็สามารถสร้างความเสียหายมหาศาลได้โดยไม่เจตนา,ทาเซ็ตดิสคอร์ดหน้าตาคล้ายวาฬขนาดมหึมา แม้จะมีนิสัยรักสงบ แต่ขนาดอันมโหฬารของวาฬทลายคลื่นก็สามารถสร้างความเสียหายมหาศาลได้โดยไม่เจตนา
850107,ธนาคารอเวราร์โด,ธนาคารของตระกูล Montelli ที่ตั้งอยู่ใจกลางเมืองรากูนน่า,ธนาคารของตระกูล Montelli ที่ตั้งอยู่ใจกลางเมืองรากูนน่า
850108,คณะละครคนเขลา,"คณะละครที่ตั้งขึ้นโดย Exile ที่ต้องล่องเรือผู้แสวงบุญสู่ปลายทางแห่งผู้สารภาพบาปเนื่องจาก ""ความผิดบาป"" ที่แต่ละคนได้รับ
เพื่อเปิดเผยความจริงที่ภาคีซ่อนไว้ พวกเขาเขียนบทละครหลายเรื่องและ ""เต้นระบำทั้งโซ่ตรวน"" อย่างไม่เหน็ดเหนื่อยไปทั่วทั้งหมู่เกาะ","คณะละครที่ตั้งขึ้นโดย Exile ที่ต้องล่องเรือผู้แสวงบุญสู่ปลายทางแห่งผู้สารภาพบาปเนื่องจาก ""ความผิดบาป"" ที่แต่ละคนได้รับ
เพื่อเปิดเผยความจริงที่ภาคีซ่อนไว้ พวกเขาเขียนบทละครหลายเรื่องและ ""เต้นระบำทั้งโซ่ตรวน"" อย่างไม่เหน็ดเหนื่อยไปทั่วทั้งหมู่เกาะ"
850109,แบล็กชอร์,"หน่วยงานที่สำคัญที่สุดของโซลาริสในการสังเกตการณ์วัฏจักรของอาดูรการณ์
องค์กรนี้สังเกตและวิเคราะห์รูปแบบการแปรเปลี่ยนของอาดูรการณ์ตลอดเวลา รวมถึงเป็นผู้คาดการณ์และเตือนล่วงหน้าหากจะมีการสำแดงตัวตนเกิดขึ้นในเวลาอันใกล้","หน่วยงานที่สำคัญที่สุดของโซลาริสในการสังเกตการณ์วัฏจักรของอาดูรการณ์
องค์กรนี้สังเกตและวิเคราะห์รูปแบบการแปรเปลี่ยนของอาดูรการณ์ตลอดเวลา รวมถึงเป็นผู้คาดการณ์และเตือนล่วงหน้าหากจะมีการสำแดงตัวตนเกิดขึ้นในเวลาอันใกล้"
850110,เธทิส,ระบบเธทิสคือซูเปอร์คอมพิวเตอร์อันเป็นเอกลักษณ์ของแบล็กชอร์ รู้จักกันในอีกชื่อว่าโต๊ะทรายจำลองอารยธรรม เมื่อใส่ข้อมูลความถี่ของอาดูรการณ์ลงในระบบ ไม่ว่าจะเก็บรวบรวมมาโดยมนุษย์หรือโดยการเข้าถึงเสาสัญญาณ แบล็กชอร์สามารถประกาศเตือนอาดูรการณ์สำหรับพื้นที่ต่างๆ ทั่วโลกได้ภายในช่วงเวลา 24-48 ชั่วโมง ความสามารถนี้เป็นพื้นฐานสำคัญที่ทำให้แบล็กชอร์ได้สร้างความร่วมมืออย่างกว้างขวางกับประเทศต่างๆ ทั่วโลก,ระบบเธทิสคือซูเปอร์คอมพิวเตอร์อันเป็นเอกลักษณ์ของแบล็กชอร์ รู้จักกันในอีกชื่อว่าโต๊ะทรายจำลองอารยธรรม เมื่อใส่ข้อมูลความถี่ของอาดูรการณ์ลงในระบบ ไม่ว่าจะเก็บรวบรวมมาโดยมนุษย์หรือโดยการเข้าถึงเสาสัญญาณ แบล็กชอร์สามารถประกาศเตือนอาดูรการณ์สำหรับพื้นที่ต่างๆ ทั่วโลกได้ภายในช่วงเวลา 24-48 ชั่วโมง ความสามารถนี้เป็นพื้นฐานสำคัญที่ทำให้แบล็กชอร์ได้สร้างความร่วมมืออย่างกว้างขวางกับประเทศต่างๆ ทั่วโลก
850111,ผู้ปรับความถี่,"การปรับเสียงคือกระบวนการปรับความถี่ ในโซลาริส-3 ความถี่มีบทบาทเป็นเครื่องมือสำคัญในการเปิดเผยความจริงเกี่ยวกับความเป็นจริง การปรับเปลี่ยนความถี่เหล่านี้จะทำให้เราสามารถขุดคุ้ยลงไปถึงแก่นของการดำรงอยู่ได้
ที่แบล็กชอร์ การปรับเสียงแผนที่ดวงดาวเป็นขั้นตอนสำคัญในการตามรอยและวิเคราะห์อาดูรการณ์ ในประวัติศาสตร์ของแบล็กชอร์ตั้งแต่อดีตจวบจนปัจจุบัน มีเพียงคนเดียวเท่านั้นที่ได้รับการยกย่องด้วยสมญานามว่า ""ผู้ปรับความถี่"" นั่นคือผู้พเนจร","การปรับเสียงคือกระบวนการปรับความถี่ ในโซลาริส-3 ความถี่มีบทบาทเป็นเครื่องมือสำคัญในการเปิดเผยความจริงเกี่ยวกับความเป็นจริง การปรับเปลี่ยนความถี่เหล่านี้จะทำให้เราสามารถขุดคุ้ยลงไปถึงแก่นของการดำรงอยู่ได้
ที่แบล็กชอร์ การปรับเสียงแผนที่ดวงดาวเป็นขั้นตอนสำคัญในการตามรอยและวิเคราะห์อาดูรการณ์ ในประวัติศาสตร์ของแบล็กชอร์ตั้งแต่อดีตจวบจนปัจจุบัน มีเพียงคนเดียวเท่านั้นที่ได้รับการยกย่องด้วยสมญานามว่า ""ผู้ปรับความถี่"" นั่นคือผู้พเนจร"
850112,เจ้าหน้าที่ลาดตระเวน,เจ้าหน้าที่ลาดตระเวนแห่งจินโจว,เจ้าหน้าที่ลาดตระเวนแห่งจินโจว
850113,พุ่งทะยาน,การแข่งขันกีฬาที่ได้รับความนิยมทั่วโลก เป็นการทดสอบทั้งพละกำลังและความอดทนของผู้เข้าแข่งขัน,การแข่งขันกีฬาที่ได้รับความนิยมทั่วโลก เป็นการทดสอบทั้งพละกำลังและความอดทนของผู้เข้าแข่งขัน
850114,หมัดอัสนีสะท้าน,ศิลปะการต่อสู้ที่มีเอกลักษณ์ของ Yuanwu ขึ้นชื่อว่ามีการโจมตีที่หนักหน่วงและรุนแรง ทว่ามีเพียงผู้ที่สงบใจควบคุมพละกำลังของตนได้อย่างแม่นยำเท่านั้นที่จะสามารถใช้ได้โดยไม่ทำให้ตัวเองแหลกสลายไปเสียก่อน,ศิลปะการต่อสู้ที่มีเอกลักษณ์ของ Yuanwu ขึ้นชื่อว่ามีการโจมตีที่หนักหน่วงและรุนแรง ทว่ามีเพียงผู้ที่สงบใจควบคุมพละกำลังของตนได้อย่างแม่นยำเท่านั้นที่จะสามารถใช้ได้โดยไม่ทำให้ตัวเองแหลกสลายไปเสียก่อน
850115,ขนมหนวดมังกร,ของหวานเมนูโปรดของ Danjin ถือเป็นสัญลักษณ์แห่งโชคลาภและพรอันประเสริฐเพราะมีความเกี่ยวข้องกับมังกร,ของหวานเมนูโปรดของ Danjin ถือเป็นสัญลักษณ์แห่งโชคลาภและพรอันประเสริฐเพราะมีความเกี่ยวข้องกับมังกร
850116,"เซนติเนล ""Jué""","หนึ่งในเซนติเนลแห่งหวงหลง ปรากฏกายในรูปของมังกร พลังที่คอยชี้นำอยู่เบื้องหลังอารยธรรมของจินโจว
""เทพ"" ผู้ยิ่งใหญ่ที่มีพลังอันไร้ข้อกังขา ผู้ล่วงรู้ทั้งอดีต ปัจจุบัน และอนาคตของจินโจว อสงไขยเป็นเพียงชั่วครู่เดียวในสายตาของ Jué ผู้คุมกระแสแห่งเวลา Jué สามารถเปลี่ยนจักรวาลไปตลอดกาลได้ในพริบตา
""ฤดูกาลผันแปรตามประกาศิต และสิ่งมีชีวิตทั้งมวลล้วนต้องเดินไปตามครรลองของตน นั้นแลคือธรรมชาติของจักรวาล""","หนึ่งในเซนติเนลแห่งหวงหลง ปรากฏกายในรูปของมังกร พลังที่คอยชี้นำอยู่เบื้องหลังอารยธรรมของจินโจว
""เทพ"" ผู้ยิ่งใหญ่ที่มีพลังอันไร้ข้อกังขา ผู้ล่วงรู้ทั้งอดีต ปัจจุบัน และอนาคตของจินโจว อสงไขยเป็นเพียงชั่วครู่เดียวในสายตาของ Jué ผู้คุมกระแสแห่งเวลา Jué สามารถเปลี่ยนจักรวาลไปตลอดกาลได้ในพริบตา
""ฤดูกาลผันแปรตามประกาศิต และสิ่งมีชีวิตทั้งมวลล้วนต้องเดินไปตามครรลองของตน นั้นแลคือธรรมชาติของจักรวาล"""
850117,หอสมุดใหญ่,สิ่งก่อสร้างอันโอ่อ่าที่ตั้งอยู่แกนกลางของจินโจว ไม่เพียงแต่ใช้เป็นที่รับแขกคนสำคัญและประชุมพูดคุยประเด็นสำคัญเท่านั้น แต่ยังเป็นสัญลักษณ์แห่งความหวังของประชาชนชาวหวงหลงอีกด้วย,สิ่งก่อสร้างอันโอ่อ่าที่ตั้งอยู่แกนกลางของจินโจว ไม่เพียงแต่ใช้เป็นที่รับแขกคนสำคัญและประชุมพูดคุยประเด็นสำคัญเท่านั้น แต่ยังเป็นสัญลักษณ์แห่งความหวังของประชาชนชาวหวงหลงอีกด้วย
850118,เจ้าเมืองจินโจว,"ผู้ปกครองสูงสุดของจินโจว
ในหวงหลง เมื่อเข้ารับตำแหน่ง เจ้าเมืองจะต้องรับเอาชื่อของดินแดนเป็นชื่อตัว เช่น เดิม Jinhsi เคยชื่อ ""Hsi"" แต่เปลี่ยนชื่อเป็น ""Jinhsi"" หลังจากกลายเป็นเจ้าเมืองจินโจว","ผู้ปกครองสูงสุดของจินโจว
ในหวงหลง เมื่อเข้ารับตำแหน่ง เจ้าเมืองจะต้องรับเอาชื่อของดินแดนเป็นชื่อตัว เช่น เดิม Jinhsi เคยชื่อ ""Hsi"" แต่เปลี่ยนชื่อเป็น ""Jinhsi"" หลังจากกลายเป็นเจ้าเมืองจินโจว"
850119,ความฝันมายา,"พลังเรโซแนนซ์ในการควบคุมพิษของ Cantarella ทำให้เป้าหมายเห็นภาพหลอนที่ดูเหมือนจริง ไม่ว่าจะเป็นการแสดงความปรารถนาที่อยู่ในก้นบึ้งของจิตใจหรือภาพลวงตาที่รังสรรค์ขึ้นมาอย่างพิถีพิถัน
เช่นเดียวกับสมรรถภาพของสมาชิกในตระกูล Fisalia ทุกคน การใช้พลังเรโซแนนซ์นี้มีราคาที่ต้องจ่าย โดยหากใช้เป็นเวลานานเกินไป ผู้ใช้ก็เสี่ยงที่จะติดอยู่ในฝันของตัวเอง สับสนระหว่างความเป็นจริงกับโลกแห่งจินตนาการไปตลอดกาล","พลังเรโซแนนซ์ในการควบคุมพิษของ Cantarella ทำให้เป้าหมายเห็นภาพหลอนที่ดูเหมือนจริง ไม่ว่าจะเป็นการแสดงความปรารถนาที่อยู่ในก้นบึ้งของจิตใจหรือภาพลวงตาที่รังสรรค์ขึ้นมาอย่างพิถีพิถัน
เช่นเดียวกับสมรรถภาพของสมาชิกในตระกูล Fisalia ทุกคน การใช้พลังเรโซแนนซ์นี้มีราคาที่ต้องจ่าย โดยหากใช้เป็นเวลานานเกินไป ผู้ใช้ก็เสี่ยงที่จะติดอยู่ในฝันของตัวเอง สับสนระหว่างความเป็นจริงกับโลกแห่งจินตนาการไปตลอดกาล"
850120,เวลเว็ตดรีม,"น้ำยาที่ Cantarella พัฒนาขึ้นเมื่อครั้งยังเป็นเด็กผ่านการทดลองอย่างไม่ลดละ
แม้จะมีพิษอ่อนๆ แต่ส่วนผสมกลับช่วยต้านฤทธิ์ของยาพิษส่วนใหญ่ได้และกระตุ้นการผ่อนคลายอย่างล้ำลึก นอกจากนี้ยังช่วยป้องกันเสียงกระซิบของเธรโนเดียนได้บางส่วนอีกด้วย
แต่คนที่ไม่ได้รับการฝึกให้ทนต่อพิษอาจเห็นภาพหลอนได้","น้ำยาที่ Cantarella พัฒนาขึ้นเมื่อครั้งยังเป็นเด็กผ่านการทดลองอย่างไม่ลดละ
แม้จะมีพิษอ่อนๆ แต่ส่วนผสมกลับช่วยต้านฤทธิ์ของยาพิษส่วนใหญ่ได้และกระตุ้นการผ่อนคลายอย่างล้ำลึก นอกจากนี้ยังช่วยป้องกันเสียงกระซิบของเธรโนเดียนได้บางส่วนอีกด้วย
แต่คนที่ไม่ได้รับการฝึกให้ทนต่อพิษอาจเห็นภาพหลอนได้"
850121,"""อีกฟากแห่งห้วงฝัน""","โลกความเป็นจริง ซึ่งอยู่ตรงข้ามกับแดนมายา ซึ่งเรียกว่า ""ฟากฝั่งห้วงฝัน""","โลกความเป็นจริง ซึ่งอยู่ตรงข้ามกับแดนมายา ซึ่งเรียกว่า ""ฟากฝั่งห้วงฝัน"""
850122,Pero,สิ่งมีชีวิตแปลกประหลาดที่อยู่ภายในกล่องวิเศษที่ Roccia ถือไปไหนมาไหน ดูเหมือนว่าจะถือกำเนิดจากแรงบันดาลใจที่อาบอยู่ภายในสิ่งของที่สะสมไว้ในกล่อง,สิ่งมีชีวิตแปลกประหลาดที่อยู่ภายในกล่องวิเศษที่ Roccia ถือไปไหนมาไหน ดูเหมือนว่าจะถือกำเนิดจากแรงบันดาลใจที่อาบอยู่ภายในสิ่งของที่สะสมไว้ในกล่อง
850123,กล่องวิเศษ,กระเป๋าใบยักษ์ที่ Roccia ถือติดตัวไว้เสมอ เป็นที่เก็บอุปกรณ์การแสดงต่างๆ นานา บทละคร และ Pero,กระเป๋าใบยักษ์ที่ Roccia ถือติดตัวไว้เสมอ เป็นที่เก็บอุปกรณ์การแสดงต่างๆ นานา บทละคร และ Pero
850124,องครักษ์ของเจ้าเมือง,ผู้ทำหน้าที่คุ้มกันเจ้าเมืองโดยเฉพาะ ควบตำแหน่งเลขาส่วนตัวด้วยเช่นกัน,ผู้ทำหน้าที่คุ้มกันเจ้าเมืองโดยเฉพาะ ควบตำแหน่งเลขาส่วนตัวด้วยเช่นกัน
850125,"""บทเพลงทองคำ""","ครั้งหนึ่ง Faroll Selena และ Rimbaud เคยเป็นสามสมาชิกผู้โด่งดังแห่งสมาคมกวีของรากูนน่า ได้เขียนบทกวีมากมายเพื่อยกย่องเซนติเนลและภาคี
ทว่ากลับถูกภาคีกล่าวหาว่าลบหลู่เทพ จากนั้นกวีของบทเพลงทองคำทั้งสามถูกส่งขึ้นเรือผู้แสวงบุญแล้วหายตัวไปอย่างไร้ร่องรอย ส่วนชื่อของทั้งสามก็กลายเป็นคำต้องห้ามในรากูนน่า","ครั้งหนึ่ง Faroll Selena และ Rimbaud เคยเป็นสามสมาชิกผู้โด่งดังแห่งสมาคมกวีของรากูนน่า ได้เขียนบทกวีมากมายเพื่อยกย่องเซนติเนลและภาคี
ทว่ากลับถูกภาคีกล่าวหาว่าลบหลู่เทพ จากนั้นกวีของบทเพลงทองคำทั้งสามถูกส่งขึ้นเรือผู้แสวงบุญแล้วหายตัวไปอย่างไร้ร่องรอย ส่วนชื่อของทั้งสามก็กลายเป็นคำต้องห้ามในรากูนน่า"
850126,สถานสงเคราะห์,องค์กรการกุศลที่รื้อฟื้นขึ้นมาโดย Changli ในช่วงที่ยังปฏิบัติหน้าที่อยู่ในหมิงถิง บริหารจัดการโดยลานกลางโดยตรง เป็นที่พักสำหรับผู้ลี้ภัยและเด็กกำพร้าที่จำต้องพลัดถิ่นเพราะโรคระบาด ความอดอยาก และการแพร่กระจายของทาเซ็ตดิสคอร์ด,องค์กรการกุศลที่รื้อฟื้นขึ้นมาโดย Changli ในช่วงที่ยังปฏิบัติหน้าที่อยู่ในหมิงถิง บริหารจัดการโดยลานกลางโดยตรง เป็นที่พักสำหรับผู้ลี้ภัยและเด็กกำพร้าที่จำต้องพลัดถิ่นเพราะโรคระบาด ความอดอยาก และการแพร่กระจายของทาเซ็ตดิสคอร์ด
850127,นักพรต Xuanmiao,อาจารย์ของ Changli นักพรตผู้เป็นที่เคารพนับถือในหวงหลง มีชื่อเสียงในด้านความรู้ด้านการปกครองประเทศและการทูต เขาเดินทางไปทั่วแว่นแคว้นเพื่อแบ่งปันภูมิปัญญาและความรู้,อาจารย์ของ Changli นักพรตผู้เป็นที่เคารพนับถือในหวงหลง มีชื่อเสียงในด้านความรู้ด้านการปกครองประเทศและการทูต เขาเดินทางไปทั่วแว่นแคว้นเพื่อแบ่งปันภูมิปัญญาและความรู้
850128,ที่ปรึกษาจินโจว,ที่ปรึกษาของเจ้าเมืองจินโจว ที่ปรึกษาคนปัจจุบันเป็นผู้สอนวิถีการปกครองให้กับ Jinhsi ก่อนที่เธอจะขึ้นมาเป็นเจ้าเมือง,ที่ปรึกษาของเจ้าเมืองจินโจว ที่ปรึกษาคนปัจจุบันเป็นผู้สอนวิถีการปกครองให้กับ Jinhsi ก่อนที่เธอจะขึ้นมาเป็นเจ้าเมือง
850129,เกมชิงชัยริมน้ำ,ต้นกำเนิดของเกมนี้มาจากศรัทธาที่มั่นคงและความมุ่งมั่นของผู้คนในจินโจวที่จะเอาชนะอาดูรการณ์ จากกิจกรรมเล็กๆ เพื่อฉลองชัยชนะเหนือทาเซ็ตดิสคอร์ด ตอนนี้ได้กลายเป็นงานมหกรรมกีฬาระหว่างกองทัพกับประชาชนที่มีเป้าหมายเพื่อส่งเสริมให้รักษาร่างกายให้แข็งแรงและสร้างมิตรภาพระหว่างทหารกับพลเรือน ให้พร้อมร่วมกันเอาชนะอุปสรรคใดๆ ในอนาคต,ต้นกำเนิดของเกมนี้มาจากศรัทธาที่มั่นคงและความมุ่งมั่นของผู้คนในจินโจวที่จะเอาชนะอาดูรการณ์ จากกิจกรรมเล็กๆ เพื่อฉลองชัยชนะเหนือทาเซ็ตดิสคอร์ด ตอนนี้ได้กลายเป็นงานมหกรรมกีฬาระหว่างกองทัพกับประชาชนที่มีเป้าหมายเพื่อส่งเสริมให้รักษาร่างกายให้แข็งแรงและสร้างมิตรภาพระหว่างทหารกับพลเรือน ให้พร้อมร่วมกันเอาชนะอุปสรรคใดๆ ในอนาคต
850130,คณะเชิดสิงโต,คณะแสดงพเนจรที่เชี่ยวชาญการแสดงเชิดสิงโตโบราณ รับแสดงทั้งสำหรับโรงละครจินโจวและลูกค้าส่วนบุคคลเพื่อเลี้ยงตัวเองและเป็นค่าใช้จ่ายในการเดินทาง,คณะแสดงพเนจรที่เชี่ยวชาญการแสดงเชิดสิงโตโบราณ รับแสดงทั้งสำหรับโรงละครจินโจวและลูกค้าส่วนบุคคลเพื่อเลี้ยงตัวเองและเป็นค่าใช้จ่ายในการเดินทาง
850131,เชิดสิงโต,การเชิดสิงโตเป็นส่วนผสมระหว่างศิลปะการต่อสู้และการเต้นที่กลายเป็นศิลปะพื้นบ้านอันเป็นเอกลักษณ์ของจินโจว ถือกำเนิดมาจากการต่อยมวยและศิลปะการต่อสู้ดั้งเดิมในหวงหลง มุ่งเน้นจังหวะการขยับเท้าที่รวดเร็วและการวางท่าที่ทรงพลัง,การเชิดสิงโตเป็นส่วนผสมระหว่างศิลปะการต่อสู้และการเต้นที่กลายเป็นศิลปะพื้นบ้านอันเป็นเอกลักษณ์ของจินโจว ถือกำเนิดมาจากการต่อยมวยและศิลปะการต่อสู้ดั้งเดิมในหวงหลง มุ่งเน้นจังหวะการขยับเท้าที่รวดเร็วและการวางท่าที่ทรงพลัง
850132,นักเชิดสิงโต,"การแสดงเชิดสิงโตเก่าแก่นี้มีหลายรูปแบบ ตั้งแต่การแสดงเดี่ยวที่มีเพียงหัวไว ไปจนถึงการแสดงคู่ที่มีทั้งหัวไวและหางมั่นคงรวมกัน
""หัวไว"" เป็นภาษาเฉพาะกลุ่มที่ใช้เรียกหัวสิงโต","การแสดงเชิดสิงโตเก่าแก่นี้มีหลายรูปแบบ ตั้งแต่การแสดงเดี่ยวที่มีเพียงหัวไว ไปจนถึงการแสดงคู่ที่มีทั้งหัวไวและหางมั่นคงรวมกัน
""หัวไว"" เป็นภาษาเฉพาะกลุ่มที่ใช้เรียกหัวสิงโต"
850133,บุปผาดารา,ดอกไม้รูปร่างคล้ายดาวแทนความรักและความกล้าหาญ วันหนึ่งดวงดาวที่สถิตบนผืนดินเหล่านี้จะปกคลุมไปทั่วทุกท้องทุ่ง,ดอกไม้รูปร่างคล้ายดาวแทนความรักและความกล้าหาญ วันหนึ่งดวงดาวที่สถิตบนผืนดินเหล่านี้จะปกคลุมไปทั่วทุกท้องทุ่ง
850134,มวยเฟิงอี,ศิลปะการต่อสู้ที่แฝงไปด้วยปัญญาแห่งเต๋า ผู้ฝึกจะผสานเป็นหนึ่งกับท่วงทำนองของธรรมชาติเพื่อสร้างสมดุลระหว่างความแข็งแกร่งของร่างกายและจิตใจ,ศิลปะการต่อสู้ที่แฝงไปด้วยปัญญาแห่งเต๋า ผู้ฝึกจะผสานเป็นหนึ่งกับท่วงทำนองของธรรมชาติเพื่อสร้างสมดุลระหว่างความแข็งแกร่งของร่างกายและจิตใจ
850135,ธนาคาร,ธนาคารอเวราร์โดที่บริหารโดยตระกูล Montelli ในเมืองรากูนน่า,ธนาคารอเวราร์โดที่บริหารโดยตระกูล Montelli ในเมืองรากูนน่า
850136,ตรอกมืด,ชื่อที่ทุกคนรู้จักนี้หมายถึงทั้งทางน้ำใต้ดินที่ถูกทิ้งร้างในรากูนน่าและแก๊งข้างถนนที่เคยอาละวาดอยู่ที่นั่น แม้ว่าองค์กรอาชญากรรมนี้จะถูกถล่มโดยกลุ่มศาลเตี้ยลึกลับเมื่อหลายปีก่อนไปแล้ว แต่ก็มีข่าวลือว่าพวกเขากำลังจะกลับมาหลังจากถูกลืมเลือนไป,ชื่อที่ทุกคนรู้จักนี้หมายถึงทั้งทางน้ำใต้ดินที่ถูกทิ้งร้างในรากูนน่าและแก๊งข้างถนนที่เคยอาละวาดอยู่ที่นั่น แม้ว่าองค์กรอาชญากรรมนี้จะถูกถล่มโดยกลุ่มศาลเตี้ยลึกลับเมื่อหลายปีก่อนไปแล้ว แต่ก็มีข่าวลือว่าพวกเขากำลังจะกลับมาหลังจากถูกลืมเลือนไป
850137,คลื่นทมิฬที่สอง,"พิบัติภัยที่เกิดขึ้นเมื่อ 20 ปีก่อนซึ่งไม่ได้เพียงแต่ทำลายสถาบันเทววิทยาอวิโนเลียมเท่านั้น แต่ยังสร้างปัญหาไปทั่วรากูนน่า
สำหรับผู้คนในรากูนน่า เหตุการณ์นี้เป็นการเสียสละของเฟลอร์เดอลิส ผู้เป็นสตรีศักดิ์สิทธิ์ที่ยับยั้งคลื่นทมิฬที่สองด้วยตัวคนเดียว","พิบัติภัยที่เกิดขึ้นเมื่อ 20 ปีก่อนซึ่งไม่ได้เพียงแต่ทำลายสถาบันเทววิทยาอวิโนเลียมเท่านั้น แต่ยังสร้างปัญหาไปทั่วรากูนน่า
สำหรับผู้คนในรากูนน่า เหตุการณ์นี้เป็นการเสียสละของเฟลอร์เดอลิส ผู้เป็นสตรีศักดิ์สิทธิ์ที่ยับยั้งคลื่นทมิฬที่สองด้วยตัวคนเดียว"
850138,งานคาร์นิวัลเมื่อสิบปีที่แล้ว,เมื่อ 10 ปีก่อน งานคาร์นิวัลถูกสัตว์ทะเลตัวมหึมาโจมตีและเกิดการแพร่กระจายของทาเซ็ตดิสคอร์ด อัครสังฆราช Fenrico ยื่นมือเข้ามาจบความโกลาหล แต่เหตุการณ์ครั้งนี้ก็เหมือนกับการซ้ำเติมเมืองรากูนน่าที่ยังคงอยู่ระหว่างฟื้นตัวจากคลื่นทมิฬที่สอง,เมื่อ 10 ปีก่อน งานคาร์นิวัลถูกสัตว์ทะเลตัวมหึมาโจมตีและเกิดการแพร่กระจายของทาเซ็ตดิสคอร์ด อัครสังฆราช Fenrico ยื่นมือเข้ามาจบความโกลาหล แต่เหตุการณ์ครั้งนี้ก็เหมือนกับการซ้ำเติมเมืองรากูนน่าที่ยังคงอยู่ระหว่างฟื้นตัวจากคลื่นทมิฬที่สอง
850139,เอาท์ไรเดอร์,"มิดไนท์เรนเจอร์แบ่งออกเป็น 3 กอง ได้แก่ เอาท์ไรเดอร์ (หน่วยสอดแนม), แวนการ์ด (หน่วยจู่โจม) และเรียร์การ์ด (หน่วยป้องกัน) ทั้งหมดอยู่ใต้บังคับบัญชาของนายพล Jiyan","มิดไนท์เรนเจอร์แบ่งออกเป็น 3 กอง ได้แก่ เอาท์ไรเดอร์ (หน่วยสอดแนม), แวนการ์ด (หน่วยจู่โจม) และเรียร์การ์ด (หน่วยป้องกัน) ทั้งหมดอยู่ใต้บังคับบัญชาของนายพล Jiyan"
850140,You'tan,สิ่งมีชีวิตแห่งเสี้ยวความถี่ตัวแทนของดอกอุทุมพรสีขาว สามารถสื่อสารกับ Baizhi ผ่านโทรจิตได้,สิ่งมีชีวิตแห่งเสี้ยวความถี่ตัวแทนของดอกอุทุมพรสีขาว สามารถสื่อสารกับ Baizhi ผ่านโทรจิตได้
850141,เนโครสตาร์,สเตลลาร์เมทริกซ์พิเศษประเภทหนึ่งที่ใช้เก็บข้อผิดพลาดและข้อมูลที่ถูกทิ้งของระบบเธทิส,สเตลลาร์เมทริกซ์พิเศษประเภทหนึ่งที่ใช้เก็บข้อผิดพลาดและข้อมูลที่ถูกทิ้งของระบบเธทิส
850142,แดนจิตนิมิต,อาณาเขตพิเศษที่เก็บรวบรวมความฝันทั้งหมดในโซลาริสนับตั้งแต่อุบัติขึ้น ดูแลโดยผู้พิทักษ์ประตูทั้งสอง,อาณาเขตพิเศษที่เก็บรวบรวมความฝันทั้งหมดในโซลาริสนับตั้งแต่อุบัติขึ้น ดูแลโดยผู้พิทักษ์ประตูทั้งสอง
850143,โรงหนังโซลาริส,มิติพิเศษสำหรับเทศกาลภาพยนตร์ลึกลับในใจกลางแดนจิตนิมิตโดยเฉพาะ แม้ว่าจะแยกออกจากส่วนอื่นๆ ของแดนจิตนิมิต แต่ก็มีอุปกรณ์และสภาพแวดล้อมที่ดีที่สุดสำหรับการฉายภาพยนตร์,มิติพิเศษสำหรับเทศกาลภาพยนตร์ลึกลับในใจกลางแดนจิตนิมิตโดยเฉพาะ แม้ว่าจะแยกออกจากส่วนอื่นๆ ของแดนจิตนิมิต แต่ก็มีอุปกรณ์และสภาพแวดล้อมที่ดีที่สุดสำหรับการฉายภาพยนตร์
850144,เทศกาลภาพยนตร์โซลาริส,งานกิจกรรมที่จัดขึ้นลึกเข้าไปในแดนจิตนิมิต คุณได้รับเชิญให้เป็นกรรมการ แต่ยังคงไม่มีใครล่วงรู้ตัวตนของผู้จัด,งานกิจกรรมที่จัดขึ้นลึกเข้าไปในแดนจิตนิมิต คุณได้รับเชิญให้เป็นกรรมการ แต่ยังคงไม่มีใครล่วงรู้ตัวตนของผู้จัด
850145,ทาเซ็ตดิสคอร์ดฝันสยอง,ทาเซ็ตดิสคอร์ดที่เกิดจากความถี่ของฝันร้ายและอารมณ์เชิงลบ มักพบในแดนจิตนิมิต,ทาเซ็ตดิสคอร์ดที่เกิดจากความถี่ของฝันร้ายและอารมณ์เชิงลบ มักพบในแดนจิตนิมิต
850146,ผู้พิทักษ์ประตู Ebony,"หนึ่งในผู้ดูแลแห่งแดนจิตนิมิต รับหน้าที่ลบ ""ข้อมูลไร้ประโยชน์"" ภายในเขตแดน (เขาอ้างเอง) แต่เขามีมุมมองของตัวเองว่าอะไรที่จัดว่า ""ไร้ประโยชน์""","หนึ่งในผู้ดูแลแห่งแดนจิตนิมิต รับหน้าที่ลบ ""ข้อมูลไร้ประโยชน์"" ภายในเขตแดน (เขาอ้างเอง) แต่เขามีมุมมองของตัวเองว่าอะไรที่จัดว่า ""ไร้ประโยชน์"""
850147,ผู้พิทักษ์ประตู Ivory,หนึ่งในผู้ดูแลแห่งแดนจิตนิมิต รับหน้าที่ดูแลรักษาความราบรื่นในเขตแดน (เขาอ้างเอง),หนึ่งในผู้ดูแลแห่งแดนจิตนิมิต รับหน้าที่ดูแลรักษาความราบรื่นในเขตแดน (เขาอ้างเอง)
850148,ชั้นห้วงลึก,พื้นที่ที่ไม่มีใครเข้าถึงซึ่งซ่อนลึกอยู่ภายในแดนจิตนิมิต ความฝันที่เก็บรวบรวมมาจำนวนนับไม่ถ้วนถูกฝังไว้ที่นี่,พื้นที่ที่ไม่มีใครเข้าถึงซึ่งซ่อนลึกอยู่ภายในแดนจิตนิมิต ความฝันที่เก็บรวบรวมมาจำนวนนับไม่ถ้วนถูกฝังไว้ที่นี่
850149,มหาศึกอากอน,ศึกอากอนที่ใหญ่ที่สุดและทรงอิทธิพลที่สุดในเซปติมอนต์ รวมถึงเสาหลักทางเศรษฐกิจของเมือง,ศึกอากอนที่ใหญ่ที่สุดและทรงอิทธิพลที่สุดในเซปติมอนต์ รวมถึงเสาหลักทางเศรษฐกิจของเมือง
850150,ปราการหินกริฟฟิน,"เมืองเซปติมอนต์ตั้งอยู่บนเขาคาปิโตลิเนแห่งเซปติมอนต์ และมีชื่อเสียงในฐานะ ""ป้อมปราการกริฟฟิน"" ชาวเซปติมอนต์รักการปั้นรูป ชื่นชอบการล่า และเชี่ยวชาญในศิลปะการต่อสู้ มีความเคารพในวีรบุรุษ","เมืองเซปติมอนต์ตั้งอยู่บนเขาคาปิโตลิเนแห่งเซปติมอนต์ และมีชื่อเสียงในฐานะ ""ป้อมปราการกริฟฟิน"" ชาวเซปติมอนต์รักการปั้นรูป ชื่นชอบการล่า และเชี่ยวชาญในศิลปะการต่อสู้ มีความเคารพในวีรบุรุษ"
850151,สดชื่นถึงใจ,เครื่องดื่มชูกำลังที่ Lupa เป็นพรีเซนเตอร์,เครื่องดื่มชูกำลังที่ Lupa เป็นพรีเซนเตอร์
850152,นักบวชหญิง,กลุ่มผู้สังเกตชะตากรรมและทำนายอนาคตแห่งวิหารเซปติมอนต์ พวกเธอจะฟังเสียงจากเครื่องสายแห่งโชคชะตา ชี้ทางให้ผู้ที่กำลังแสวงหาคำตอบ แต่พลังที่ว่ามีราคาที่ต้องจ่าย,กลุ่มผู้สังเกตชะตากรรมและทำนายอนาคตแห่งวิหารเซปติมอนต์ พวกเธอจะฟังเสียงจากเครื่องสายแห่งโชคชะตา ชี้ทางให้ผู้ที่กำลังแสวงหาคำตอบ แต่พลังที่ว่ามีราคาที่ต้องจ่าย
850153,บทละคร,บทละครที่ได้จากโฟรโลวา นักแสดงทุกคนมีบทบาทที่ได้รับมอบหมาย และเรื่องราวทั้งหมดจะเป็นไปตามที่เขียนไว้ทุกประการ เว้นเสียแต่ว่า...,บทละครที่ได้จากโฟรโลวา นักแสดงทุกคนมีบทบาทที่ได้รับมอบหมาย และเรื่องราวทั้งหมดจะเป็นไปตามที่เขียนไว้ทุกประการ เว้นเสียแต่ว่า...
850154,เมิ่งโจว,หนึ่งในเมืองทั้งหกของหวงหลง ขึ้นชื่อเรื่องมีทางน้ำมากมาย ต้นไม้เขียวขจีที่อุดมสมบูรณ์ และทิวทัศน์ชวนต้องมนตร์ ในเมิ่งโจว การค้าขายและลัทธิเต๋าเจริญรุ่งเรืองและดำรงอยู่ร่วมกันอย่างกลมกลืน,หนึ่งในเมืองทั้งหกของหวงหลง ขึ้นชื่อเรื่องมีทางน้ำมากมาย ต้นไม้เขียวขจีที่อุดมสมบูรณ์ และทิวทัศน์ชวนต้องมนตร์ ในเมิ่งโจว การค้าขายและลัทธิเต๋าเจริญรุ่งเรืองและดำรงอยู่ร่วมกันอย่างกลมกลืน
850155,ทีม,เอฟอร์คนปัจจุบันได้ปฏิรูปการแข่งขันมหาศึกอากอนเป็นการแข่งขันแบบสองต่อสอง ในตอนนี้ กลาดิเอเตอร์จะต้องค้นหาคู่หูที่ไว้ใจได้เพื่อคว้าแชมป์ไปด้วยกัน,เอฟอร์คนปัจจุบันได้ปฏิรูปการแข่งขันมหาศึกอากอนเป็นการแข่งขันแบบสองต่อสอง ในตอนนี้ กลาดิเอเตอร์จะต้องค้นหาคู่หูที่ไว้ใจได้เพื่อคว้าแชมป์ไปด้วยกัน
850156,"ร้าน ""โซลิส""","ร้านเครื่องดื่มที่ได้รับความนิยมซึ่งอยู่ในย่านบุคคลทั่วไป ขึ้นชื่อเรื่องเครื่องดื่มพิเศษ ""โซลิส"" ที่ไม่เหมือนใคร กลาดิเอเตอร์มักประมือกันที่นี่ โดยมีผู้แพ้เป็นคนออกค่าใช้จ่าย","ร้านเครื่องดื่มที่ได้รับความนิยมซึ่งอยู่ในย่านบุคคลทั่วไป ขึ้นชื่อเรื่องเครื่องดื่มพิเศษ ""โซลิส"" ที่ไม่เหมือนใคร กลาดิเอเตอร์มักประมือกันที่นี่ โดยมีผู้แพ้เป็นคนออกค่าใช้จ่าย"
850157,เอฟอร์,ผู้ปกครองแห่งเซปติมอนต์ เอฟอร์จะมีอำนาจเบ็ดเสร็จ เนื่องจากมีเพียงผู้แข็งแกร่งเท่านั้นที่ควรค่าแก่การเป็นผู้นำ,ผู้ปกครองแห่งเซปติมอนต์ เอฟอร์จะมีอำนาจเบ็ดเสร็จ เนื่องจากมีเพียงผู้แข็งแกร่งเท่านั้นที่ควรค่าแก่การเป็นผู้นำ
850158,กระจกสัมฤทธิ์,ในนิทานของหวงหลง ว่ากันว่ากระจกสามารถเปิดเผยความจริงที่ซ่อนอยู่ได้ และดูเหมือนว่ากระจกนี้จะแสดงสิ่งที่ไม่มีใครเห็น...,ในนิทานของหวงหลง ว่ากันว่ากระจกสามารถเปิดเผยความจริงที่ซ่อนอยู่ได้ และดูเหมือนว่ากระจกนี้จะแสดงสิ่งที่ไม่มีใครเห็น...
850159,มหาคลื่น,หนึ่งในสัญญาณบ่งบอกว่าคลื่นทมิฬกำลังจะมา คือเวลาที่ทาเซ็ตดิสคอร์ดนับไม่ถ้วนรวมฝูงกันใต้เมฆกระแสทมิฬ ถาโถมลงมายังเซปติมอนต์ราวกับคลื่นแห่งการทำลายล้าง,หนึ่งในสัญญาณบ่งบอกว่าคลื่นทมิฬกำลังจะมา คือเวลาที่ทาเซ็ตดิสคอร์ดนับไม่ถ้วนรวมฝูงกันใต้เมฆกระแสทมิฬ ถาโถมลงมายังเซปติมอนต์ราวกับคลื่นแห่งการทำลายล้าง
850160,หุบเขาแห่งความรุ่งโรจน์,สถานที่ฝังร่างของเหล่าวีรชนแห่งเซปติมอนต์ในอดีตและนักสู้กลาดิเอเตอร์ในตำนาน ผู้คนจะหล่ออาวุธคู่กายของพวกเขาให้เป็นหินแกะสลักตั้งตระหง่าน ณ ที่แห่งนี้ เพื่อสืบสานชื่อเสียงอมตะให้ชนรุ่นหลังจดจำ,สถานที่ฝังร่างของเหล่าวีรชนแห่งเซปติมอนต์ในอดีตและนักสู้กลาดิเอเตอร์ในตำนาน ผู้คนจะหล่ออาวุธคู่กายของพวกเขาให้เป็นหินแกะสลักตั้งตระหง่าน ณ ที่แห่งนี้ เพื่อสืบสานชื่อเสียงอมตะให้ชนรุ่นหลังจดจำ
850161,เกลียวคลื่นกัดกร่อน,รอยแผลเป็นจากสัมผัสของคลื่นทมิฬ อาจปรากฏเป็นรอยด่าง ตะกรัน หรือแม้แต่รอยราวกับปะการัง ขึ้นอยู่กับว่าอะไรที่ผิดเพี้ยนไป,รอยแผลเป็นจากสัมผัสของคลื่นทมิฬ อาจปรากฏเป็นรอยด่าง ตะกรัน หรือแม้แต่รอยราวกับปะการัง ขึ้นอยู่กับว่าอะไรที่ผิดเพี้ยนไป
850162,อุตสาหกรรมมาร์วิส,โรงตีเหล็กชั้นนำที่จะหลอมอาวุธและอุปกรณ์ระดับสูง โดยร่วมมือกับตระกูลขุนนางมากมาย ราคาระดับพรีเมียม ดีไซน์ที่สั่งทำพิเศษ และช่างฝีมือชั้นยอดทำให้ที่นี่เป็นตัวเลือกอันดับหนึ่งสำหรับเหล่าขุนนางที่ต้องการสร้างชุดเกราะให้กับเหล่าอัศวินของพวกเขา,โรงตีเหล็กชั้นนำที่จะหลอมอาวุธและอุปกรณ์ระดับสูง โดยร่วมมือกับตระกูลขุนนางมากมาย ราคาระดับพรีเมียม ดีไซน์ที่สั่งทำพิเศษ และช่างฝีมือชั้นยอดทำให้ที่นี่เป็นตัวเลือกอันดับหนึ่งสำหรับเหล่าขุนนางที่ต้องการสร้างชุดเกราะให้กับเหล่าอัศวินของพวกเขา
850163,เทือกเขาชายแดน,ทิวเขาที่ทอดยาวเป็นแนวเขตแดนของเซปติมอนต์ ถูกเกลียวคลื่นกัดกร่อนย่างรุนแรง มีเพียงกลาดิเอเตอร์ผู้กล้าหาญที่สุดเท่านั้นที่กล้าเสี่ยงมาที่นี่เพื่อฝึกฝนตนเองภายใต้สภาพแวดล้อมอันโหดร้ายของทิวเขานี้,ทิวเขาที่ทอดยาวเป็นแนวเขตแดนของเซปติมอนต์ ถูกเกลียวคลื่นกัดกร่อนย่างรุนแรง มีเพียงกลาดิเอเตอร์ผู้กล้าหาญที่สุดเท่านั้นที่กล้าเสี่ยงมาที่นี่เพื่อฝึกฝนตนเองภายใต้สภาพแวดล้อมอันโหดร้ายของทิวเขานี้
850164,กลาดิเอเตอร์,"ผู้เข้าร่วม ""ศึกอากอน"" เป็นผู้มีพละกำลังในการต่อสู้ที่ขับเคลื่อนด้วยความกระหายในชัยชนะและเกียรติยศอย่างไม่หยุดยั้ง","ผู้เข้าร่วม ""ศึกอากอน"" เป็นผู้มีพละกำลังในการต่อสู้ที่ขับเคลื่อนด้วยความกระหายในชัยชนะและเกียรติยศอย่างไม่หยุดยั้ง"
850165,ศึกอากอน,กีฬาอันเป็นเอกลักษณ์ของเซปติมอนต์ ที่เอคโค่จะต่อสู้เคียงข้างกลาดิเอเตอร์ ชัยชนะในสังเวียนจะขึ้นอยู่กับการประสานกันระหว่างทั้งคู่,กีฬาอันเป็นเอกลักษณ์ของเซปติมอนต์ ที่เอคโค่จะต่อสู้เคียงข้างกลาดิเอเตอร์ ชัยชนะในสังเวียนจะขึ้นอยู่กับการประสานกันระหว่างทั้งคู่
850166,เกราะมรดกแห่งวีรชน,เอคโค่ที่เกิดขึ้นจากเสียงกังวานของวีรชนผู้วายชนม์ หลอมรวมกับเกราะ มีความปรารถนาที่จะสัมผัสความตื่นเต้นในการต่อสู้อันทรงเกียรติอีกครั้ง,เอคโค่ที่เกิดขึ้นจากเสียงกังวานของวีรชนผู้วายชนม์ หลอมรวมกับเกราะ มีความปรารถนาที่จะสัมผัสความตื่นเต้นในการต่อสู้อันทรงเกียรติอีกครั้ง
850167,เขาคาปิโตลิเน,เมืองหลวงแห่งเซปติมอนต์ เป็นที่ตั้งของปราการหินกริฟฟินและเวทีมหาศึกอากอน,เมืองหลวงแห่งเซปติมอนต์ เป็นที่ตั้งของปราการหินกริฟฟินและเวทีมหาศึกอากอน
850168,เอคโค่ผู้พิทักษ์,Lioness of Glory - Arsinosa เสียงคำรามและเสียงหัวเราะของเหล่าวีรชนในสนามรบได้หลอมรวมเข้ากับรูปสลักกริฟฟิน กลายเป็นเอคโค่ผู้ทรงพลัง ตั้งแต่ถือกำเนิดขึ้น นางก็คอยเฝ้าพิทักษ์นครหลวงแห่งเซปติมอนต์มาโดยตลอด,Lioness of Glory - Arsinosa เสียงคำรามและเสียงหัวเราะของเหล่าวีรชนในสนามรบได้หลอมรวมเข้ากับรูปสลักกริฟฟิน กลายเป็นเอคโค่ผู้ทรงพลัง ตั้งแต่ถือกำเนิดขึ้น นางก็คอยเฝ้าพิทักษ์นครหลวงแห่งเซปติมอนต์มาโดยตลอด
850169,ตระกูล Silva,ตระกูลที่ Lupa สังกัด หนึ่งในสายเลือดผู้ก่อตั้งเซปติมอนต์ ตระกูล Lupa หยั่งรากลึกอยู่ในจุดสูงสุดแห่งอิทธิพลของเมือง แต่เมื่อเอฟอร์คนใหม่ก้าวขึ้นมา ความรุ่งเรืองในอดีตก็เริ่มเสื่อมถอย,ตระกูลที่ Lupa สังกัด หนึ่งในสายเลือดผู้ก่อตั้งเซปติมอนต์ ตระกูล Lupa หยั่งรากลึกอยู่ในจุดสูงสุดแห่งอิทธิพลของเมือง แต่เมื่อเอฟอร์คนใหม่ก้าวขึ้นมา ความรุ่งเรืองในอดีตก็เริ่มเสื่อมถอย
850170,สภาสูง,กลุ่มผู้ปกครองเซปติมอนต์ มีหน้าที่ให้คำแนะนำแก่เอฟอร์และใช้อำนาจในการบริหารจัดการเรื่องสำคัญ นอกจากนี้ยังมีสิทธิแต่งตั้งและถอดถอนเจ้าหน้าที่รัฐอีกด้วย,กลุ่มผู้ปกครองเซปติมอนต์ มีหน้าที่ให้คำแนะนำแก่เอฟอร์และใช้อำนาจในการบริหารจัดการเรื่องสำคัญ นอกจากนี้ยังมีสิทธิแต่งตั้งและถอดถอนเจ้าหน้าที่รัฐอีกด้วย
850171,เมฆกระแสทมิฬ,"ลางบอกว่าจะเกิดคลื่นทมิฬขึ้น ลอยอยู่เหนือเซปติมอนต์มาหลายปีแล้ว ชาวเซปติมอนต์เรียกดินแดนที่เมฆเหล่านี้ปกคลุมว่า ""สนามล่า""","ลางบอกว่าจะเกิดคลื่นทมิฬขึ้น ลอยอยู่เหนือเซปติมอนต์มาหลายปีแล้ว ชาวเซปติมอนต์เรียกดินแดนที่เมฆเหล่านี้ปกคลุมว่า ""สนามล่า"""
850172,ท่าเรือเคียงผา,ท่าเรือที่เชื่อมเซปติมอนต์กับโลกภายนอก เรือลำใหญ่บรรทุกสินค้าและสัตว์ทะเลที่เพิ่งจับได้สดๆ มาเต็มลำจะเข้ามาเทียบท่าทุกชั่วโมง ในขณะที่กลาดิเอเตอร์และนักเดินทางผู้มาเยือนจะได้สัมผัสกับผืนดินเป็นครั้งแรกที่นี่เมื่อมาถึงเซปติมอนต์,ท่าเรือที่เชื่อมเซปติมอนต์กับโลกภายนอก เรือลำใหญ่บรรทุกสินค้าและสัตว์ทะเลที่เพิ่งจับได้สดๆ มาเต็มลำจะเข้ามาเทียบท่าทุกชั่วโมง ในขณะที่กลาดิเอเตอร์และนักเดินทางผู้มาเยือนจะได้สัมผัสกับผืนดินเป็นครั้งแรกที่นี่เมื่อมาถึงเซปติมอนต์
851011,คริสตัลความถี่,เศษผลึกของคลื่นความถี่ที่ถูกแช่แข็ง สิ่งสร้างแห่งความฝันเหล่านี้มีพลังเฉพาะตัว,เศษผลึกของคลื่นความถี่ที่ถูกแช่แข็ง สิ่งสร้างแห่งความฝันเหล่านี้มีพลังเฉพาะตัว
851012,สรรหาเอคโค่,เลือกเอคโค่ที่คุณต้องการ แล้ววางพวกมันลงในสนาม,เลือกเอคโค่ที่คุณต้องการ แล้ววางพวกมันลงในสนาม
851013,ไอเทมสำหรับแลกเปลี่ยน,หลังอยู่ในความฝันถึงจำนวนวันที่กำหนด พวกมันจะนำออกตัวเอง และทิ้งเอฟเฟกต์บัฟไว้มากมาย,หลังอยู่ในความฝันถึงจำนวนวันที่กำหนด พวกมันจะนำออกตัวเอง และทิ้งเอฟเฟกต์บัฟไว้มากมาย
851014,ตรึงร่าง,ตำแหน่งปรากฏตัวจะคงที่ตายตัว,ตำแหน่งปรากฏตัวจะคงที่ตายตัว
851015,บล็อกความฝัน: กรวด,ผลผลิต [คูปองประจำวัน] ของเอคโค่บนบล็อกความฝันเหล่านี้เพิ่มขึ้น 2,ผลผลิต [คูปองประจำวัน] ของเอคโค่บนบล็อกความฝันเหล่านี้เพิ่มขึ้น 2
851016,บล็อกความฝัน: เศษน้ำแข็ง,เอคโค่ทั้งหมดบนบล็อกความฝัน: ชิ้นส่วนน้ำแข็ง จะถือว่าอยู่ในแถวเดียวกัน,เอคโค่ทั้งหมดบนบล็อกความฝัน: ชิ้นส่วนน้ำแข็ง จะถือว่าอยู่ในแถวเดียวกัน
851017,Lillibet,หัวหน้าบาทหลวงหญิงแห่งเซปติมอนต์คนปัจจุบัน,หัวหน้าบาทหลวงหญิงแห่งเซปติมอนต์คนปัจจุบัน
851018,"""ตำราพยากรณ์""",ม้วนคัมภีร์ที่ Lillibet พกติดตัว บันทึกภาพนิมิตที่ปรากฏในแสงเปลวไฟ คัมภีร์เล่มนี้และภาพฝาผนังภายในวิหารเธทรากอน ล้วนเป็นสื่อกลางที่เหล่านักบวชหญิงแห่งเซปติมอนต์ใช้ถ่ายทอดคำพยากรณ์แก่ผู้คน,ม้วนคัมภีร์ที่ Lillibet พกติดตัว บันทึกภาพนิมิตที่ปรากฏในแสงเปลวไฟ คัมภีร์เล่มนี้และภาพฝาผนังภายในวิหารเธทรากอน ล้วนเป็นสื่อกลางที่เหล่านักบวชหญิงแห่งเซปติมอนต์ใช้ถ่ายทอดคำพยากรณ์แก่ผู้คน
851019,"""ราชาแห่งวีรชน""",ผู้ปกครองในตำนานแห่งเซปติมอนต์ ตำนานนี้มีรากฐานมาจากคำพยากรณ์โบราณ ที่กล่าวว่า มีเพียงผู้ที่กลายเป็นราชาแห่งวีรชนเท่านั้นที่จะสามารถกอบกู้เซปติมอนต์จากความล่มสลายได้,ผู้ปกครองในตำนานแห่งเซปติมอนต์ ตำนานนี้มีรากฐานมาจากคำพยากรณ์โบราณ ที่กล่าวว่า มีเพียงผู้ที่กลายเป็นราชาแห่งวีรชนเท่านั้นที่จะสามารถกอบกู้เซปติมอนต์จากความล่มสลายได้
851020,ศูนย์ทดลองเร้นสมุทร,ศูนย์ทดลองลับใต้ท้องสมุทรที่สร้างขึ้นโดยแฟรกต์ซิดัสและภาคี ทั้งสองฝ่ายต่างมีความทะเยอทะยานที่ซ่อนเร้น ภายใต้ฉากบังหน้าของการแปรรูปและการผลิตเอคโค่ทั่วไป,ศูนย์ทดลองลับใต้ท้องสมุทรที่สร้างขึ้นโดยแฟรกต์ซิดัสและภาคี ทั้งสองฝ่ายต่างมีความทะเยอทะยานที่ซ่อนเร้น ภายใต้ฉากบังหน้าของการแปรรูปและการผลิตเอคโค่ทั่วไป
851021,ห้วงแห่งสังสารอันตรธาน,มิติโซโนโรของ Phrolova ถูกออกแบบขึ้นเพื่อจำลองภพแห่งห้วงสังสารด้วยการประดิษฐ์ โดยอาศัยพลังของเธรโนเดียน Leviathan เธอมีเจตนาจะใช้ร่างของทาเซ็ตดิสคอร์ดเป็นภาชนะสำหรับจัดเก็บจิตกังวานของผู้ล่วงลับ เมื่อนั้นมิติโซโนโรอาจหลอมรวมเข้ากับความเป็นจริง และเหล่าผู้จากไปเนิ่นนานจะสามารถดำรงชีวิตในโลกใหม่ที่เป็นนิรันดร์ ปราศจากความเสื่อมสลาย,มิติโซโนโรของ Phrolova ถูกออกแบบขึ้นเพื่อจำลองภพแห่งห้วงสังสารด้วยการประดิษฐ์ โดยอาศัยพลังของเธรโนเดียน Leviathan เธอมีเจตนาจะใช้ร่างของทาเซ็ตดิสคอร์ดเป็นภาชนะสำหรับจัดเก็บจิตกังวานของผู้ล่วงลับ เมื่อนั้นมิติโซโนโรอาจหลอมรวมเข้ากับความเป็นจริง และเหล่าผู้จากไปเนิ่นนานจะสามารถดำรงชีวิตในโลกใหม่ที่เป็นนิรันดร์ ปราศจากความเสื่อมสลาย
851022,เครื่องบ่มเพาะเอคโค่,อุปกรณ์สำหรับบ่มเพาะเอคโค่สาธารณะ คลื่นความถี่เอคโค่ที่แตกกระจายถูกประกอบขึ้นใหม่เป็นเอคโค่ทั่วไปภายในห้องบ่มนี้,อุปกรณ์สำหรับบ่มเพาะเอคโค่สาธารณะ คลื่นความถี่เอคโค่ที่แตกกระจายถูกประกอบขึ้นใหม่เป็นเอคโค่ทั่วไปภายในห้องบ่มนี้
851023,คลื่นทมิฬ,คลื่นกัดกร่อนที่มีเฉพาะที่รินาซิตาเท่านั้น คลื่นทมิฬคือการสำแดงพลังแห่งเอกภาพของเธรโนเดียน Leviathan เมฆดำหนาทึบก่อตัวเหนือศีรษะและถาโถมลงมาดุจน้ำตก แผ่พุ่งออกไปทุกทิศทาง ทุกที่ที่คลื่นทมิฬไปถึงจะให้กำเนิดทาเซ็ตดิสคอร์ด และทิ้งร่องรอยบาดแผลไว้บนแผ่นดินด้วยเกลียวคลื่นกัดกร่อน ที่ใจกลางปรากฏการณ์นั้น สนามทาเซ็ตแห่งใหม่จะก่อตัวขึ้น,คลื่นกัดกร่อนที่มีเฉพาะที่รินาซิตาเท่านั้น คลื่นทมิฬคือการสำแดงพลังแห่งเอกภาพของเธรโนเดียน Leviathan เมฆดำหนาทึบก่อตัวเหนือศีรษะและถาโถมลงมาดุจน้ำตก แผ่พุ่งออกไปทุกทิศทาง ทุกที่ที่คลื่นทมิฬไปถึงจะให้กำเนิดทาเซ็ตดิสคอร์ด และทิ้งร่องรอยบาดแผลไว้บนแผ่นดินด้วยเกลียวคลื่นกัดกร่อน ที่ใจกลางปรากฏการณ์นั้น สนามทาเซ็ตแห่งใหม่จะก่อตัวขึ้น
851024,ฝนกลับด้าน,พลังงานเศษเสี้ยวความถี่ความหนาแน่นสูงจากทะเลอีเธอริก ที่ฉายภาพเหตุการณ์ในอดีตออกมาด้วยความแม่นยำอันน่าพิศวง ฝนกลับด้านปรากฏเป็นสามระยะชัดเจน ได้แก่ การร่วงหล่นตามธรรมชาติ การหยุดนิ่งใกล้พื้นดิน และการไหลย้อนกลับ,พลังงานเศษเสี้ยวความถี่ความหนาแน่นสูงจากทะเลอีเธอริก ที่ฉายภาพเหตุการณ์ในอดีตออกมาด้วยความแม่นยำอันน่าพิศวง ฝนกลับด้านปรากฏเป็นสามระยะชัดเจน ได้แก่ การร่วงหล่นตามธรรมชาติ การหยุดนิ่งใกล้พื้นดิน และการไหลย้อนกลับ
851025,ผู้ชี้นำ,มนุษย์ที่เธรโนเดียน Leviathan เลือกให้เป็นผู้เผยแพร่บทบัญญัติ และหว่านเพาะความเศร้าและความสิ้นหวังในหมู่มวลชน อิทธิพลดูเหมือนจะเป็นปัจจัยสำคัญในการคัดเลือก ผู้ถูกประทับด้วยมลทินแห่งคลื่นทมิฬเหล่านี้ ครอบครองเศษเสี้ยวพลังของ Leviathan เช่น ความสามารถในการอัญเชิญสมุนคลื่นทมิฬ,มนุษย์ที่เธรโนเดียน Leviathan เลือกให้เป็นผู้เผยแพร่บทบัญญัติ และหว่านเพาะความเศร้าและความสิ้นหวังในหมู่มวลชน อิทธิพลดูเหมือนจะเป็นปัจจัยสำคัญในการคัดเลือก ผู้ถูกประทับด้วยมลทินแห่งคลื่นทมิฬเหล่านี้ ครอบครองเศษเสี้ยวพลังของ Leviathan เช่น ความสามารถในการอัญเชิญสมุนคลื่นทมิฬ
851026,ภพแห่งห้วงสังสาร,โลกที่สร้างขึ้นจากเสียงกังวานนับพัน ดินแดนแห่งคลื่นความถี่ที่เสื่อมสลาย สถานที่ที่ Phrolova พบการเกิดใหม่ และบัดนี้ได้กลายเป็นส่วนหนึ่งของการดำรงอยู่ของเธอ,โลกที่สร้างขึ้นจากเสียงกังวานนับพัน ดินแดนแห่งคลื่นความถี่ที่เสื่อมสลาย สถานที่ที่ Phrolova พบการเกิดใหม่ และบัดนี้ได้กลายเป็นส่วนหนึ่งของการดำรงอยู่ของเธอ
851027,อัญมณีเธรโนเดียน,พลังที่ตกค้างของเธรโนเดียน Leviathan หลังจากหนีออกมาจากร่างที่แตกสลายของ Mya ซ่อนตัวอยู่ภายในอัญมณีรากูนน่าบนหมวกเกราะของเธอ,พลังที่ตกค้างของเธรโนเดียน Leviathan หลังจากหนีออกมาจากร่างที่แตกสลายของ Mya ซ่อนตัวอยู่ภายในอัญมณีรากูนน่าบนหมวกเกราะของเธอ
851028,ที่ราบสูงแซงกวิส,ที่ราบสูงแซงกวิสเคยเป็นแนวหน้าของเซปติมอนต์ในการต่อสู้กับคลื่นทมิฬ ด้วยภูมิประเทศอันโดดเด่นเฉพาะตัว ทำให้สนามล่ามีพลังงานเศษเสี้ยวความถี่ก่อตัวหนาแน่นเป็นประจำ นับตั้งแต่การเกิดขึ้นของคลื่นทมิฬครั้งแรกที่รินาซิตา ภายใต้การสนับสนุนจากภูมิประเทศที่ผิดปกติ เมฆกระแสทมิฬที่ไม่สามารถจางหายจะลอยอยู่เหนือสนามล่าตลอดเวลา ทุกครั้งที่คลื่นทมิฬถึงจุดสูงสุด กลาดิเอเตอร์จากเซปติมอนต์หลายพันคนจะมารวมตัวกันที่นี่ เพื่อออกล่าสมุนคลื่นทมิฬ และไล่ล่าหาเกียรติ,ที่ราบสูงแซงกวิสเคยเป็นแนวหน้าของเซปติมอนต์ในการต่อสู้กับคลื่นทมิฬ ด้วยภูมิประเทศอันโดดเด่นเฉพาะตัว ทำให้สนามล่ามีพลังงานเศษเสี้ยวความถี่ก่อตัวหนาแน่นเป็นประจำ นับตั้งแต่การเกิดขึ้นของคลื่นทมิฬครั้งแรกที่รินาซิตา ภายใต้การสนับสนุนจากภูมิประเทศที่ผิดปกติ เมฆกระแสทมิฬที่ไม่สามารถจางหายจะลอยอยู่เหนือสนามล่าตลอดเวลา ทุกครั้งที่คลื่นทมิฬถึงจุดสูงสุด กลาดิเอเตอร์จากเซปติมอนต์หลายพันคนจะมารวมตัวกันที่นี่ เพื่อออกล่าสมุนคลื่นทมิฬ และไล่ล่าหาเกียรติ
851064,หอคอยนีออน,หอคอยสื่อสารกลางเมืองโฮนามิ เป็นอาคารที่สูงที่สุดและเป็นจุดชมวิวกับแลนด์มาร์กชื่อดังในอดีต มีตำนานกล่าวไว้ว่า อาดูรการณ์ที่ทำลายล้างเมืองครั้งใหญ่ เริ่มต้นจากหอคอยนีออนนี้เอง,หอคอยสื่อสารกลางเมืองโฮนามิ เป็นอาคารที่สูงที่สุดและเป็นจุดชมวิวกับแลนด์มาร์กชื่อดังในอดีต มีตำนานกล่าวไว้ว่า อาดูรการณ์ที่ทำลายล้างเมืองครั้งใหญ่ เริ่มต้นจากหอคอยนีออนนี้เอง
851065,ผู้หลงเหลือ,"ชาวโฮนามิบางส่วนที่เสียชีวิตในเหตุการณ์อาดูรการณ์ ยังคง ""ดำเนินชีวิต"" อยู่ในมิติโซโนโรในรูปของเศษเสี้ยวความถี่ บนร่างของพวกเขา ลอยเรืองด้วยประกายรุ้งสีอ่อน ราวกับไม่รู้ตัวเลยว่าเกิดอะไรขึ้นกับตนเอง","ชาวโฮนามิบางส่วนที่เสียชีวิตในเหตุการณ์อาดูรการณ์ ยังคง ""ดำเนินชีวิต"" อยู่ในมิติโซโนโรในรูปของเศษเสี้ยวความถี่ บนร่างของพวกเขา ลอยเรืองด้วยประกายรุ้งสีอ่อน ราวกับไม่รู้ตัวเลยว่าเกิดอะไรขึ้นกับตนเอง"
851066,ประกายรุ้ง,ประกายสีรุ้งอ่อนที่พลุ่งพล่านอยู่ภายในมิติโซโนโรแห่งเมืองโฮนามิ เป็นปรากฏการณ์คลื่นกัดกร่อนเฉพาะพื้นที่นี้ ร่องรอยการกัดกร่อนของประกายรุ้งยังคงกระจัดกระจายอยู่ทั่วเมือง เมื่ออาดูรการณ์ปะทุขึ้นตามวัฏจักร ประกายรุ้งจะควบแน่นเป็นรูปร่าง แข็งแกร่งพอที่จะเฉือนพื้นที่ที่มันพาดผ่าน และจับกลืนสิ่งที่อยู่ในมิติโซโนโรเข้าไป หากเรโซเนเตอร์สัมผัสประกายรุ้งเป็นเวลานาน อาจสูญเสียการควบคุมพลังเรโซแนนซ์และเข้าสู่สภาวะโอเวอร์คล็อกได้,ประกายสีรุ้งอ่อนที่พลุ่งพล่านอยู่ภายในมิติโซโนโรแห่งเมืองโฮนามิ เป็นปรากฏการณ์คลื่นกัดกร่อนเฉพาะพื้นที่นี้ ร่องรอยการกัดกร่อนของประกายรุ้งยังคงกระจัดกระจายอยู่ทั่วเมือง เมื่ออาดูรการณ์ปะทุขึ้นตามวัฏจักร ประกายรุ้งจะควบแน่นเป็นรูปร่าง แข็งแกร่งพอที่จะเฉือนพื้นที่ที่มันพาดผ่าน และจับกลืนสิ่งที่อยู่ในมิติโซโนโรเข้าไป หากเรโซเนเตอร์สัมผัสประกายรุ้งเป็นเวลานาน อาจสูญเสียการควบคุมพลังเรโซแนนซ์และเข้าสู่สภาวะโอเวอร์คล็อกได้
851067,ดวงจิตถวิลหา,"ความยึดมั่นที่ ""ผู้หลงเหลือ"" ยังทำไม่สำเร็จ หรือยังไม่สลาย ได้กลายเป็นเศษที่กระจายอยู่ทั่วเมืองโฮนามิ สามารถเกิดเรโซแนนซ์กับหอคอยนีออนเป็นพิเศษ ช่วยให้ตามหาตำแหน่งจริงของหอคอยนีออนภายในพื้นที่ที่ซ้อนทับกันอย่างผิดเพี้ยนได้","ความยึดมั่นที่ ""ผู้หลงเหลือ"" ยังทำไม่สำเร็จ หรือยังไม่สลาย ได้กลายเป็นเศษที่กระจายอยู่ทั่วเมืองโฮนามิ สามารถเกิดเรโซแนนซ์กับหอคอยนีออนเป็นพิเศษ ช่วยให้ตามหาตำแหน่งจริงของหอคอยนีออนภายในพื้นที่ที่ซ้อนทับกันอย่างผิดเพี้ยนได้"
851068,คริสตัลประกายรุ้ง,"อาคารและวัตถุที่ถูกประกายรุ้งกัดกร่อน จะทิ้งคริสตัลประกายรุ้งบนพื้นผิวไว้ บางส่วนที่การกัดกร่อนยังไม่รุนแรง สามารถสกัดออกมาเป็น ""คริสตัลประกายรุ้งเบาบาง"" ได้","อาคารและวัตถุที่ถูกประกายรุ้งกัดกร่อน จะทิ้งคริสตัลประกายรุ้งบนพื้นผิวไว้ บางส่วนที่การกัดกร่อนยังไม่รุนแรง สามารถสกัดออกมาเป็น ""คริสตัลประกายรุ้งเบาบาง"" ได้"
851069,สถาบันสตาร์ทอร์ช,"สถาบันสตาร์ทอร์ชคือศูนย์วิจัยขนาดมหึมาที่สร้างขึ้นโดยไร้พรมแดนใดๆ ยึดวิชาการและการวิจัยเป็นเป้าหมายสูงสุดของตน ชาวโซลาริสส่วนใหญ่เรียกที่นี่ว่า ""สถาบันเรโซเนเตอร์"" มากกว่าชื่อทางการ","สถาบันสตาร์ทอร์ชคือศูนย์วิจัยขนาดมหึมาที่สร้างขึ้นโดยไร้พรมแดนใดๆ ยึดวิชาการและการวิจัยเป็นเป้าหมายสูงสุดของตน ชาวโซลาริสส่วนใหญ่เรียกที่นี่ว่า ""สถาบันเรโซเนเตอร์"" มากกว่าชื่อทางการ"
851070,พายุสุญตา,ปรากฏการณ์คลื่นกัดกร่อนแบบเฉพาะเขตในลาไฮรอย เมื่อเกิดขึ้นจะทำลายความถี่ของสิ่งรอบข้าง และมีรอบการเคลื่อนไหวที่เป็นแบบแผนชัดเจน,ปรากฏการณ์คลื่นกัดกร่อนแบบเฉพาะเขตในลาไฮรอย เมื่อเกิดขึ้นจะทำลายความถี่ของสิ่งรอบข้าง และมีรอบการเคลื่อนไหวที่เป็นแบบแผนชัดเจน
851071,สหพันธ์สเปซเทรค,"องค์กรวิจัยนานาชาติที่ก่อตั้งโดยหลายภูมิภาคในโซลาริส ทำหน้าที่กำกับดูแลงานวิจัยและพัฒนาในเขตลาไฮรอย ""สหพันธ์สเปซเทรค"" เคยสร้างสถาบันวิจัยและสถาบันสตาร์ทอร์ชภายในพื้นที่กว้างใหญ่ใต้ทุ่งน้ำแข็ง","องค์กรวิจัยนานาชาติที่ก่อตั้งโดยหลายภูมิภาคในโซลาริส ทำหน้าที่กำกับดูแลงานวิจัยและพัฒนาในเขตลาไฮรอย ""สหพันธ์สเปซเทรค"" เคยสร้างสถาบันวิจัยและสถาบันสตาร์ทอร์ชภายในพื้นที่กว้างใหญ่ใต้ทุ่งน้ำแข็ง"
851072,Namipon,"สิ่งมีชีวิตแห่งเสี้ยวความถี่ที่เคลื่อนไหวอยู่ในมิติโซโนโรแห่งเมืองโฮนามิ ว่ากันว่าเคยเป็นมาสคอตประจำเมืองโฮนามิสมัยก่อนล่มสลาย ภาพลักษณ์แรกเริ่มของ ""Namipon"" คือมาสคอตด้านคมนาคม ซึ่งเคลื่อนตัวด้วยความเร็วเหนือเสียงตามรางในเมือง ทำหน้าที่คุ้มกันการเดินทางของประชาชน ก่อนจะค่อยๆ พัฒนาเป็นมาสคอตสารพัดด้านของวิถีชีวิตเมืองทั้งหมด","สิ่งมีชีวิตแห่งเสี้ยวความถี่ที่เคลื่อนไหวอยู่ในมิติโซโนโรแห่งเมืองโฮนามิ ว่ากันว่าเคยเป็นมาสคอตประจำเมืองโฮนามิสมัยก่อนล่มสลาย ภาพลักษณ์แรกเริ่มของ ""Namipon"" คือมาสคอตด้านคมนาคม ซึ่งเคลื่อนตัวด้วยความเร็วเหนือเสียงตามรางในเมือง ทำหน้าที่คุ้มกันการเดินทางของประชาชน ก่อนจะค่อยๆ พัฒนาเป็นมาสคอตสารพัดด้านของวิถีชีวิตเมืองทั้งหมด"
851073,Namipon หลงทาง,เมื่อความถี่ของ Namipon ถูกทำลายโดยอาดูรการณ์ จึงเกิดเป็นส่วนแยกย่อยที่ถือความถี่เพียงเล็กน้อย และสะท้อนภาพลักษณ์ของอาชีพชาวเมืองโฮนามิในอดีต พวกมันสูญเสียการติดต่อกับร่างต้นชั่วคราว และกำลังเร่ร่อนไปทั่วมิติโซโนโรโฮนามิ,เมื่อความถี่ของ Namipon ถูกทำลายโดยอาดูรการณ์ จึงเกิดเป็นส่วนแยกย่อยที่ถือความถี่เพียงเล็กน้อย และสะท้อนภาพลักษณ์ของอาชีพชาวเมืองโฮนามิในอดีต พวกมันสูญเสียการติดต่อกับร่างต้นชั่วคราว และกำลังเร่ร่อนไปทั่วมิติโซโนโรโฮนามิ
851074,อาชิโนะฮาระ,ภูมิภาคที่เมืองโฮนามิสังกัดอยู่ แม้จะเกิดปรากฏการณ์คลื่นกัดกร่อนบ่อยครั้ง แต่ยังคงไว้ซึ่งอารยธรรมที่เจริญรุ่งเรือง ทั้งยังมีเครือข่ายคมนาคมที่เจริญก้าวหน้าอย่างมาก,ภูมิภาคที่เมืองโฮนามิสังกัดอยู่ แม้จะเกิดปรากฏการณ์คลื่นกัดกร่อนบ่อยครั้ง แต่ยังคงไว้ซึ่งอารยธรรมที่เจริญรุ่งเรือง ทั้งยังมีเครือข่ายคมนาคมที่เจริญก้าวหน้าอย่างมาก
851075,ที่ราบดิมร์,"ที่ราบซึ่งตั้งอยู่บริเวณชั้นใต้ดินของลาไฮรอย โดยมีชาวโรญาคอยเฝ้าดูแลมาจนถึงปัจจุบัน เนื่องจากความหนาแน่นของสสารสุญตาภายในนั้นสูงผิดปกติ จึงไม่เปิดให้บุคคลภายนอกเข้าไป
สหพันธ์สเปซเทรคได้รับอนุญาตให้ทำการสำรวจ หากมีการเตรียมพร้อมที่ดี แต่ผลกระทบที่ได้รับจากสสารสุญตาที่มีความหนาแน่นสูงนั้น ยังไม่มีข้อมูลรายงานใดที่มีประสิทธิภาพเช่นกัน","ที่ราบซึ่งตั้งอยู่บริเวณชั้นใต้ดินของลาไฮรอย โดยมีชาวโรญาคอยเฝ้าดูแลมาจนถึงปัจจุบัน เนื่องจากความหนาแน่นของสสารสุญตาภายในนั้นสูงผิดปกติ จึงไม่เปิดให้บุคคลภายนอกเข้าไป
สหพันธ์สเปซเทรคได้รับอนุญาตให้ทำการสำรวจ หากมีการเตรียมพร้อมที่ดี แต่ผลกระทบที่ได้รับจากสสารสุญตาที่มีความหนาแน่นสูงนั้น ยังไม่มีข้อมูลรายงานใดที่มีประสิทธิภาพเช่นกัน"
851076,คีย์สโตน,"เมื่อ Exostrider มาถึงลาไฮรอยก็ได้ทิ้ง ""สมอ"" เอาไว้ แต่ในเวลานั้น ชื่อของลาไฮรอยยังไม่ถูกกำหนดขึ้นมา
สหพันธ์สเปซเทรคเคยพยายามสำรวจพื้นที่ที่มันอยู่ แต่ก็ไร้ซึ่งผลลัพธ์ที่ควรค่าแก่การจดบันทึกไว้","เมื่อ Exostrider มาถึงลาไฮรอยก็ได้ทิ้ง ""สมอ"" เอาไว้ แต่ในเวลานั้น ชื่อของลาไฮรอยยังไม่ถูกกำหนดขึ้นมา
สหพันธ์สเปซเทรคเคยพยายามสำรวจพื้นที่ที่มันอยู่ แต่ก็ไร้ซึ่งผลลัพธ์ที่ควรค่าแก่การจดบันทึกไว้"
851077,สไตรเดอร์เกต,"ทางเข้าซึ่งสร้างขึ้นตอนที่ Exostrider และ เธรโนเดียน Aleph-1 เข้าสู่โซลาริส เครือข่ายราก Soliskin ที่ตั้งอยู่บนนั้นจะตัดขาดพลังของ Aleph-1 ไว้ที่ด้านหลังประตูชั่วคราว จนกลายเป็นสิ่งที่เรียกกันว่า ""ประตูแห่งการผนึก""
หากคีย์สโตนเปรียบดั่ง ""การผนึก"" เช่นนั้นสไตรเดอร์เกตก็คือประตูที่ถูกปิดผนึกไว้บานนั้น
เบื้องหลังของมันอาจจะเป็น ""จักรวาล"" ที่โซลาริสเฝ้าปรารถนาอยากสำรวจก็เป็นได้","ทางเข้าซึ่งสร้างขึ้นตอนที่ Exostrider และ เธรโนเดียน Aleph-1 เข้าสู่โซลาริส เครือข่ายราก Soliskin ที่ตั้งอยู่บนนั้นจะตัดขาดพลังของ Aleph-1 ไว้ที่ด้านหลังประตูชั่วคราว จนกลายเป็นสิ่งที่เรียกกันว่า ""ประตูแห่งการผนึก""
หากคีย์สโตนเปรียบดั่ง ""การผนึก"" เช่นนั้นสไตรเดอร์เกตก็คือประตูที่ถูกปิดผนึกไว้บานนั้น
เบื้องหลังของมันอาจจะเป็น ""จักรวาล"" ที่โซลาริสเฝ้าปรารถนาอยากสำรวจก็เป็นได้"
851078,ผนึกซากุระเพลิง,"อาชิโนะฮาระคือภูมิภาคที่อาศัย ""ระบบมิโกะ"" เพื่อต่อต้านเธรโนเดียนมายาวนาน องค์กรที่มิโกะแต่ละคนสังกัดอยู่ก็มีหน้าที่รับผิดชอบแตกต่างกันไป มิโกะแห่งซากุระเพลิงจะมีหน้าที่รับผิดชอบที่พิเศษที่สุด โดยซากุระเพลิงถูกแบ่งขอบเขตความรับผิดชอบให้ปกป้องพื้นที่อาชิโนะฮาระทั้งหมด
ผนึกซากุระเพลิงคือหนึ่งในครรลองลับที่ซากุระเพลิงสืบทอดต่อกันมา ร่ำลือว่าเป็นสิ่งที่มิโกะแห่งซากุระเพลิงคนแรกสร้างขึ้น และเป็นครรลองลับเพียงหนึ่งเดียวของซากุระเพลิงที่สืบทอดต่อกันมาในรูปแบบคัมภีร์โบราณ มันสามารถแยกพลังบางส่วนจากกายของมิโกะแห่งซากุระเพลิง แล้วก่อตัวเป็นผนึก ยิ่งนำพลังใส่เข้าไปมาก ประสิทธิภาพของผนึกก็ยิ่งยาวนาน
รูปร่างของผนึกจะมีลักษณะแตกต่างกันไป โดยผลลัพธ์ขึ้นอยู่กับผู้ร่ายอาคม
ลือกันว่า Hiyuki ได้ผนึก ""อนาคต"" บางส่วนของตนไว้ ถึงขั้นว่ามีอนาคตกาลบางอย่างที่ไม่อาจเอื้อนเอ่ยผนึกอยู่ในนั้นด้วย","อาชิโนะฮาระคือภูมิภาคที่อาศัย ""ระบบมิโกะ"" เพื่อต่อต้านเธรโนเดียนมายาวนาน องค์กรที่มิโกะแต่ละคนสังกัดอยู่ก็มีหน้าที่รับผิดชอบแตกต่างกันไป มิโกะแห่งซากุระเพลิงจะมีหน้าที่รับผิดชอบที่พิเศษที่สุด โดยซากุระเพลิงถูกแบ่งขอบเขตความรับผิดชอบให้ปกป้องพื้นที่อาชิโนะฮาระทั้งหมด
ผนึกซากุระเพลิงคือหนึ่งในครรลองลับที่ซากุระเพลิงสืบทอดต่อกันมา ร่ำลือว่าเป็นสิ่งที่มิโกะแห่งซากุระเพลิงคนแรกสร้างขึ้น และเป็นครรลองลับเพียงหนึ่งเดียวของซากุระเพลิงที่สืบทอดต่อกันมาในรูปแบบคัมภีร์โบราณ มันสามารถแยกพลังบางส่วนจากกายของมิโกะแห่งซากุระเพลิง แล้วก่อตัวเป็นผนึก ยิ่งนำพลังใส่เข้าไปมาก ประสิทธิภาพของผนึกก็ยิ่งยาวนาน
รูปร่างของผนึกจะมีลักษณะแตกต่างกันไป โดยผลลัพธ์ขึ้นอยู่กับผู้ร่ายอาคม
ลือกันว่า Hiyuki ได้ผนึก ""อนาคต"" บางส่วนของตนไว้ ถึงขั้นว่ามีอนาคตกาลบางอย่างที่ไม่อาจเอื้อนเอ่ยผนึกอยู่ในนั้นด้วย"
852004,กองกำลังหุ่นเชิดจักรกล,"ก่อนเข้าสู่ช่วงสรุปผล [คูปองประจำวัน] เมื่อได้รับคูปองแดนฝันถึงจำนวนที่กำหนด [คูปองประจำวัน] ของเอคโค่ทั้งหมดในสนาม จะเพิ่มขึ้นตามเลเวลของไอเทมล้ำค่า
การอัปเกรด: ก่อนเข้าสู่ช่วงสรุปผล [คูปองประจำวัน] เมื่อได้รับคูปองแดนฝันถึงจำนวนที่กำหนดในครั้งเดียว เลเวลไอเทมล้ำค่าจะเพิ่มขึ้นโดยอัตโนมัติ","ก่อนเข้าสู่ช่วงสรุปผล [คูปองประจำวัน] เมื่อได้รับคูปองแดนฝันถึงจำนวนที่กำหนด [คูปองประจำวัน] ของเอคโค่ทั้งหมดในสนาม จะเพิ่มขึ้นตามเลเวลของไอเทมล้ำค่า
การอัปเกรด: ก่อนเข้าสู่ช่วงสรุปผล [คูปองประจำวัน] เมื่อได้รับคูปองแดนฝันถึงจำนวนที่กำหนดในครั้งเดียว เลเวลไอเทมล้ำค่าจะเพิ่มขึ้นโดยอัตโนมัติ"
852005,เบรนแดนซ์,เบรนแดนซ์ (BD) คือเทคโนโลยีที่คล้ายกับความเป็นจริงเสมือน ผู้ใช้สามารถสัมผัสประสบการณ์ความทรงจำที่ผู้อื่นบันทึกไว้ได้อย่างสมจริง รวมถึงอารมณ์ ความคิด หรือแม้แต่ประสบการณ์ทางประสาทสัมผัสของความเจ็บปวดหรือความสุข,เบรนแดนซ์ (BD) คือเทคโนโลยีที่คล้ายกับความเป็นจริงเสมือน ผู้ใช้สามารถสัมผัสประสบการณ์ความทรงจำที่ผู้อื่นบันทึกไว้ได้อย่างสมจริง รวมถึงอารมณ์ ความคิด หรือแม้แต่ประสบการณ์ทางประสาทสัมผัสของความเจ็บปวดหรือความสุข
852006,ไนท์ซิตี้,เมืองที่ Lucy และเพื่อนของเธอเคยอาศัยอยู่ ไนท์ซิตี้เป็นมหานครที่ผสมผสานวัฒนธรรมอันหลากหลาย สร้างขึ้นเพื่อเป็นดินแดนแห่งความฝันสำหรับนักอุดมคติและผู้ประกอบการ แต่ในความเป็นจริง เมืองนี้กลับถูกกดขี่โดยองค์กรยักษ์ใหญ่ และเป็นบ้านป่าเมืองเถื่อนที่มีองค์กรขนาดใหญ่ มีการคอร์รัปชัน หน่วยงานที่ทำผิดกฎหมาย และแก๊งอันธพาลที่ใช้ความรุนแรงได้ตามใจต้องการ,เมืองที่ Lucy และเพื่อนของเธอเคยอาศัยอยู่ ไนท์ซิตี้เป็นมหานครที่ผสมผสานวัฒนธรรมอันหลากหลาย สร้างขึ้นเพื่อเป็นดินแดนแห่งความฝันสำหรับนักอุดมคติและผู้ประกอบการ แต่ในความเป็นจริง เมืองนี้กลับถูกกดขี่โดยองค์กรยักษ์ใหญ่ และเป็นบ้านป่าเมืองเถื่อนที่มีองค์กรขนาดใหญ่ มีการคอร์รัปชัน หน่วยงานที่ทำผิดกฎหมาย และแก๊งอันธพาลที่ใช้ความรุนแรงได้ตามใจต้องการ
852007,คิโรชิ,"คิโรชิออปติกส์คือบริษัทยักษ์ใหญ่แห่งอุตสาหกรรมเทคโนโลยีการปรับปรุงไซเบอร์แวร์ โดยเชี่ยวชาญด้านการวิจัยและพัฒนา รวมถึงการผลิตไซเบอร์แวร์เกี่ยวกับดวงตา ผู้คนมักใช้คำว่า ""คิโรชิ"" เพื่อเรียกไซเบอร์แวร์เกี่ยวกับดวงตาที่ผ่านการดัดแปลงทางเทคโนโลยีทั้งหมด","คิโรชิออปติกส์คือบริษัทยักษ์ใหญ่แห่งอุตสาหกรรมเทคโนโลยีการปรับปรุงไซเบอร์แวร์ โดยเชี่ยวชาญด้านการวิจัยและพัฒนา รวมถึงการผลิตไซเบอร์แวร์เกี่ยวกับดวงตา ผู้คนมักใช้คำว่า ""คิโรชิ"" เพื่อเรียกไซเบอร์แวร์เกี่ยวกับดวงตาที่ผ่านการดัดแปลงทางเทคโนโลยีทั้งหมด"
